datetime,muons,IoTPC,lab_temp,external_pressure,TMP_MSS
5/7/2024 0:00,1896.433333,1906.966408,296.0833333,990.7666667,263.6178047
5/7/2024 1:00,1885.830508,1897.721742,296.09,991.0333333,263.5609558
5/7/2024 2:00,1890.017241,1903.806843,296.2133333,991.1166667,263.504107
5/7/2024 3:00,1880.706897,1894.6903,295.92,991.2416667,263.4472582
5/7/2024 4:00,1885.983333,1896.445811,295.39,991.1083333,263.3537701
5/7/2024 5:00,1894.316667,1902.349752,295.1433333,990.8583333,263.260282
5/7/2024 6:00,1898.322034,1904.680294,295.1,990.5677966,263.166794
5/7/2024 7:00,1894.508475,1902.439819,295.0932203,990.2745763,263.0765333
5/7/2024 8:00,1893.932203,1903.113943,295,990.2576271,262.9862727
5/7/2024 9:00,1891.20339,1901.764803,294.9433333,990.9583333,262.8960121
5/7/2024 10:00,1893.983051,1903.198634,294.9,991.6916667,262.8638484
5/7/2024 11:00,1891.389831,1899.055067,294.8101695,992.2661017,262.8316847
5/7/2024 16:00,1892.655172,1897.196935,294.4,989.1916667,263.6251075
5/7/2024 17:00,1905.525424,1908.723749,294.49,987.9333333,263.7854958
5/7/2024 18:00,1894.433333,1896.465789,294.6366667,987,263.9458841
5/7/2024 19:00,1889.133333,1895.83129,295.63,986.6333333,263.9513139
5/7/2024 22:00,1899.859649,1914.303686,297.34,986.975,263.8586238
5/7/2024 23:00,1905.245614,1919.666592,297.49,987.3916667,263.7550741
5/8/2024 0:00,1891.362069,1905.936732,297.7233333,987.9,263.6515245
5/8/2024 2:00,1887.263158,1901.533456,296.6666667,988.925,263.4815387
5/8/2024 3:00,1897.305085,1912.568395,296.41,989.4583333,263.3965458
5/8/2024 4:00,1895.034483,1908.164104,296.4,989.4583333,263.3332363
5/8/2024 5:00,1893.423729,1904.121732,296.31,989.1666667,263.2699269
5/8/2024 6:00,1895.083333,1903.590116,296.2766667,988.775,263.2066174
5/8/2024 7:00,1894.745763,1903.369834,296.1949153,988.8,263.1890955
5/8/2024 8:00,1895.35,1903.954639,296.0766667,988.9416667,263.1715736
5/8/2024 10:00,1901.366667,1911.530415,295.9766667,990.6083333,263.0427604
5/8/2024 11:00,1882.305085,1893.541875,295.9,992.1583333,262.9314691
5/8/2024 12:00,1888.833333,1901.366012,295.8433333,993.1,262.8201778
5/8/2024 13:00,1881.6,1894.645199,295.7933333,994.1083333,262.6900016
5/8/2024 14:00,1892.383333,1905.964035,295.7166667,994.0916667,262.5598254
5/8/2024 20:00,1865.754386,1880.293725,295.6466667,995.9833333,261.8463486
5/8/2024 21:00,1880.847458,1895.067313,295.15,997.3333333,261.5100173
5/8/2024 22:00,1871.7,1888.788752,295.6033333,998.325,261.2964728
5/8/2024 23:00,1872.233333,1890.824463,295.68,999.2083333,261.0829283
5/9/2024 0:00,1875.516667,1893.398884,295.1733333,1000.225,260.8693838
5/9/2024 1:00,1873.333333,1890.603457,294.77,1001.15,260.8034555
5/9/2024 2:00,1864.583333,1879.848704,294.0166667,1002.058333,260.7375273
5/9/2024 3:00,1873.101695,1887.756996,293.59,1002.408333,260.671599
5/9/2024 4:00,1869.25,1882.62577,293.28,1002.5,260.5065827
5/9/2024 5:00,1878.716667,1891.03321,293.0033333,1002.741667,260.3415664
5/9/2024 6:00,1868.864407,1880.41571,292.8366667,1002.158333,260.1765501
5/9/2024 7:00,1872.881356,1883.49281,292.53,1002.375,260.1419656
5/9/2024 8:00,1882.816667,1892.75838,292.2866667,1001.908333,260.107381
5/9/2024 9:00,1878.033898,1887.392423,292.0866667,1001.95,260.0727964
5/9/2024 14:00,1885.883333,1892.573598,291.0433333,1002.616667,260.800482
5/9/2024 15:00,1888.3,1894.625729,290.9266667,1001.908333,260.9142343
5/9/2024 16:00,1882.566667,1886.522757,290.81,1000.891667,260.9711389
5/9/2024 17:00,1903.745763,1905.630253,290.76,999.9,261.0280434
5/9/2024 18:00,1890,1890.079229,290.79,999.175,261.0849479
5/9/2024 21:00,1885.383333,1886.132047,290.9766667,998.6916667,261.3172871
5/9/2024 22:00,1889.9,1891.741209,290.9166667,998.95,261.3579074
5/9/2024 23:00,1907.016949,1910.803159,291.07,999.0083333,261.3985278
5/10/2024 0:00,1897.816667,1903.91768,291.33,998.9916667,261.4391482
5/10/2024 1:00,1892.913793,1896.650981,290.7366667,998.6833333,261.5145434
5/10/2024 2:00,1891.491228,1890.236867,289.4542373,998.7508475,261.5899386
5/10/2024 3:00,1893,1892.600183,289.6933333,998.1666667,261.6653339
5/10/2024 4:00,1903.316667,1901.932503,289.78,997.6,261.6356789
5/10/2024 6:00,1893.086207,1889.501557,289.8866667,996.5166667,261.5763689
5/10/2024 7:00,1888.779661,1884.382103,290.0233333,996.7333333,261.5674115
5/10/2024 12:00,1898.066667,1901.430786,290.6666667,998.45,261.7203152
5/10/2024 13:00,1902.62069,1905.800907,290.6733333,998.1416667,261.7536028
5/10/2024 14:00,1909.775862,1912.891823,290.71,997.6,261.7868905
5/10/2024 16:00,1908.813559,1909.747651,290.7266667,996.575,261.9223395
5/10/2024 17:00,1905.724138,1902.639541,290.21,995.825,262.0245008
5/10/2024 18:00,1904.40678,1897.63928,289.7766667,995.3083333,262.1266621
5/10/2024 19:00,1907,1900.139174,289.7666667,994.8166667,262.228468
5/10/2024 20:00,1879.689655,1873.008893,289.8,994.8083333,262.3302738
5/10/2024 21:00,1867.166667,1860.485817,289.8,994.9,262.4320797
5/10/2024 22:00,1854.416667,1848.226155,289.8,995.025,262.3523481
5/10/2024 23:00,1839.576271,1833.876565,289.8,995.3067797,262.2726165
5/11/2024 0:00,1825.783333,1822.856629,290.42,995.8416667,262.1928849
5/11/2024 1:00,1825.616667,1826.707113,291.28,996.2916667,262.1525447
5/11/2024 2:00,1820.862069,1822.497182,291.2033333,996.4666667,262.1122044
5/11/2024 3:00,1824.864407,1826.891319,291.0833333,996.35,262.0718642
5/11/2024 4:00,1829.781818,1830.592184,291.1169492,995.8135593,262.0538839
5/11/2024 5:00,1823.661017,1823.397489,291.19,995.125,262.0359036
5/11/2024 6:00,1839.355932,1837.775192,291.2,994.475,262.0179233
5/11/2024 7:00,1839.482759,1837.819939,291.2233333,994.1583333,261.9482107
5/11/2024 8:00,1848.033333,1846.41783,291.2833333,994.125,261.8784981
5/11/2024 9:00,1849.566667,1847.779902,291.2833333,994.6166667,261.8087856
5/11/2024 10:00,1843.067797,1842.590209,291.3,995.2067797,261.7526689
5/11/2024 11:00,1846.949153,1847.714627,291.3,995.9666667,261.6965521
5/11/2024 12:00,1842.116667,1844.121786,291.3,996.4333333,261.6404354
5/11/2024 13:00,1854.915254,1857.082962,291.3,996.7166667,261.6738644
5/11/2024 18:00,1857.933333,1857.278165,291.5633333,993.7666667,262.1252185
5/11/2024 19:00,1847.35,1846.577869,291.78,993.5916667,262.1268988
5/11/2024 20:00,1851.483333,1850.801355,292.0533333,993.9916667,262.128579
5/11/2024 21:00,1850.95,1850.222389,292.29,994.0083333,262.1302592
5/11/2024 22:00,1846.474576,1845.975738,292.3271186,994.2830508,262.0235298
5/11/2024 23:00,1845.779661,1844.930377,292.21,994.6583333,261.9168004
5/12/2024 0:00,1836.966102,1835.438387,292.0033333,994.8666667,261.8100709
5/12/2024 1:00,1836.949153,1836.035247,291.86,994.675,261.7514888
5/12/2024 2:00,1837.661017,1837.522587,291.76,994.6416667,261.6929066
5/12/2024 3:00,1835.266667,1835.692441,291.6033333,994.4083333,261.6343245
5/12/2024 4:00,1843.466667,1842.681954,291.4933333,994.1333333,261.6357495
5/12/2024 5:00,1857.483333,1855.509506,291.3933333,994.075,261.6371746
5/12/2024 6:00,1876.516667,1873.35345,291.3,993.7666667,261.6385997
5/12/2024 7:00,1860.183333,1856.179797,291.26,993.6,261.5754084
5/12/2024 8:00,1859.9,1854.929369,291.1933333,993.475,261.5122171
5/12/2024 9:00,1857.133333,1851.016496,291.0766667,993.6166667,261.4490258
5/12/2024 10:00,1859.864407,1854.630571,290.9610169,994.3186441,261.4236675
5/12/2024 11:00,1869.666667,1865.294676,290.8433333,995.05,261.3983091
5/12/2024 12:00,1858.4,1855.130911,290.7766667,995.575,261.3729507
5/12/2024 13:00,1867.3,1863.075243,290.7,995.8,261.3797676
5/12/2024 14:00,1859.25,1854.057798,290.61,995.7083333,261.3865846
5/12/2024 15:00,1863.241379,1857.352312,290.6,995.4050847,261.3934015
5/12/2024 16:00,1864.333333,1857.441224,290.5266667,994.7166667,261.3042799
5/12/2024 17:00,1874.644068,1866.886065,290.5,994.2166667,261.2151583
5/12/2024 18:00,1874.05,1865.568269,290.5,994.3833333,261.1260366
5/12/2024 19:00,1872.333333,1864.14509,290.5,994.825,261.056311
5/12/2024 20:00,1857.65,1849.784464,290.4933333,995.0833333,260.9865853
5/12/2024 21:00,1872.266667,1864.271875,290.4,995.5,260.9168596
5/12/2024 22:00,1862.066667,1855.674441,290.4,995.9833333,260.8348072
5/12/2024 23:00,1857.366667,1852.271269,290.3266667,996.7666667,260.7527547
5/13/2024 0:00,1857.116667,1853.140383,290.21,997.5,260.6707022
5/13/2024 1:00,1857.583333,1854.070861,290.11,998.0333333,260.4750009
5/13/2024 2:00,1854.366667,1851.324398,290.01,998.425,260.2792997
5/13/2024 3:00,1871.05,1868.575177,289.9433333,999.0666667,260.0835984
5/13/2024 4:00,1862.728814,1858.785741,289.86,999.35,259.9440865
5/13/2024 5:00,1865.466667,1860.100462,289.7933333,999.2333333,259.8045747
5/13/2024 6:00,1871.2,1864.207515,289.6766667,999.325,259.6650628
5/13/2024 7:00,1880.516667,1873.791419,289.52,999.1833333,259.494451
5/13/2024 8:00,1874.016949,1867.514933,289.3366667,999.3333333,259.3238391
5/13/2024 9:00,1877.847458,1871.405965,289.12,1000.225,259.1532273
5/13/2024 10:00,1882.258621,1876.603348,288.96,1001.091667,259.0924525
5/13/2024 11:00,1874.85,1869.964924,288.7866667,1002.033333,259.0316777
5/13/2024 12:00,1883.716667,1879.585693,288.62,1002.458333,258.9709029
5/13/2024 13:00,1875.220339,1870.367188,288.46,1002.941667,258.8754848
5/13/2024 14:00,1883.783333,1878.392836,288.36,1003,258.7800667
5/13/2024 16:00,1886.85,1880.356879,288.16,1002.258333,258.7111398
5/13/2024 17:00,1876.508475,1869.628087,288.1,1001.916667,258.7376309
5/13/2024 19:00,1879.433333,1872.432323,288.0466667,1002.2,258.6998833
5/13/2024 21:00,1858.931034,1853.153203,288.2,1003.277966,258.5714059
5/13/2024 22:00,1866.457627,1862.292202,288.2,1003.677966,258.5109104
5/13/2024 23:00,1853.483333,1850.947677,288.1933333,1004.6,258.450415
5/14/2024 0:00,1858.216667,1856.803444,288.06,1005.216667,258.3899195
5/14/2024 1:00,1860.133333,1858.560308,287.96,1005.558333,258.2682416
5/14/2024 2:00,1851.666667,1850.068341,287.8933333,1005.908333,258.1465637
5/14/2024 3:00,1859.067797,1857.656683,287.8866667,1006.075,258.0248859
5/14/2024 6:00,1859.084746,1859.34818,289.0610169,1005.823729,257.6658241
5/14/2024 7:00,1856.5,1856.298577,288.8733333,1005.875,257.5665972
5/14/2024 8:00,1868.241379,1868.698913,288.9830508,1006.127119,257.4673703
5/14/2024 9:00,1866.033333,1867.114257,289.0833333,1006.783333,257.3681434
5/14/2024 11:00,1858.483333,1862.48212,289.1166667,1008.566667,257.3903759
5/14/2024 12:00,1853.118644,1858.275348,289.0566667,1009.008333,257.4014921
5/14/2024 13:00,1858.35,1862.749678,289.09,1009.466667,257.4708327
5/14/2024 14:00,1857.85,1861.615963,289.16,1009.2,257.5401733
5/14/2024 15:00,1871.566667,1874.495181,289.17,1008.391667,257.6095139
5/14/2024 16:00,1866.05,1867.698279,289.1866667,1007.55,257.6451891
5/14/2024 17:00,1884.616667,1885.329539,289.29,1006.675,257.6808643
5/14/2024 18:00,1886.033333,1885.131443,289.22,1006.308333,257.7165396
5/14/2024 19:00,1872.491525,1871.360269,289.2166667,1006,257.7732895
5/14/2024 20:00,1875.915254,1873.442755,288.9233333,1005.916667,257.8300395
5/14/2024 21:00,1875.6,1873.51281,289.0833333,1006.058333,257.8867894
5/14/2024 22:00,1877.283333,1875.086643,288.75,1006.325,257.8968903
5/14/2024 23:00,1864.766667,1864.608246,288.98,1006.891667,257.9069912
5/15/2024 0:00,1879.883333,1880.798646,288.9566667,1007.266667,257.9170921
5/15/2024 1:00,1856.216667,1857.750832,289.1433333,1007.15,257.9970184
5/15/2024 2:00,1858.4,1860.076492,289.2,1007.075,258.0769447
5/15/2024 3:00,1864.516667,1866.428053,289.28,1006.8,258.156871
5/15/2024 4:00,1856.423729,1858.46971,289.3133333,1006.383333,258.1421493
5/15/2024 5:00,1868.183333,1870.866957,289.4733333,1006.108333,258.1274276
5/15/2024 6:00,1857.533333,1859.765873,289.3533333,1005.541667,258.112706
5/15/2024 7:00,1866.45,1867.828236,289.4333333,1005.208333,258.10317
5/15/2024 8:00,1861.45,1861.596993,289.4166667,1004.758333,258.093634
5/15/2024 9:00,1856.271186,1855.50716,289.4830508,1004.911864,258.084098
5/15/2024 10:00,1864.433333,1865.207535,289.5533333,1005.125,258.1144916
5/15/2024 11:00,1875.316667,1877.557268,289.6,1005.058333,258.1448852
5/15/2024 12:00,1868.033333,1871.583293,289.61,1005.091667,258.1752788
5/15/2024 13:00,1869.266667,1871.892181,289.6666667,1005.291667,258.3291955
5/15/2024 14:00,1868.433333,1869.625778,289.59,1004.675,258.4831121
5/15/2024 15:00,1865.762712,1865.852845,289.6,1004.033333,258.6370288
5/15/2024 16:00,1883.933333,1882.821318,289.61,1003.083333,258.6779918
5/15/2024 17:00,1887.216667,1884.656104,289.5566667,1002.075,258.7189547
5/15/2024 18:00,1879.083333,1874.701347,289.4,1001.333333,258.7599176
5/15/2024 19:00,1888.533333,1883.770103,289.2866667,1000.9,258.8521578
5/15/2024 20:00,1888.305085,1883.565561,289.2733333,1000.275,258.944398
5/15/2024 21:00,1877.433333,1872.402065,289.17,999.9166667,259.0366382
5/15/2024 22:00,1881.372881,1876.179282,289.19,1000.225,259.115704
5/15/2024 23:00,1875.694915,1870.074694,289.1333333,1000.016667,259.1947698
5/16/2024 0:00,1882.65,1876.920596,289.17,999.6666667,259.2738356
5/16/2024 1:00,1883.169492,1876.830152,289.1933333,999.8083333,259.3674229
5/16/2024 2:00,1885.355932,1878.286009,289.1866667,999.4166667,259.4610102
5/16/2024 3:00,1884.533333,1877.035894,289.2566667,999.0083333,259.5545975
5/16/2024 4:00,1891.916667,1884.174494,289.2266667,998.6083333,259.4989499
5/16/2024 5:00,1885.525424,1878.077525,289.3233333,998.0416667,259.4433023
5/16/2024 6:00,1881.474576,1873.90456,289.3133333,997.6166667,259.3876547
5/16/2024 7:00,1893.135593,1884.875299,289.2133333,997.3833333,259.3606299
5/16/2024 8:00,1883.644068,1875.305335,289.25,997.45,259.3336052
5/16/2024 9:00,1885.666667,1877.275202,289.3066667,997.8583333,259.3065804
5/16/2024 10:00,1886.660714,1878.535225,289.2644068,998.3271186,259.3045503
5/16/2024 11:00,1896.745763,1889.070507,289.28,998.925,259.3025202
5/16/2024 12:00,1884.433333,1877.023208,289.2233333,999.45,259.3004901
5/16/2024 13:00,1889.762712,1882.410487,289.3233333,999.85,259.2848138
5/16/2024 14:00,1881.35,1873.285116,289.2066667,999.5833333,259.2691375
5/16/2024 15:00,1898,1889.789497,289.2666667,998.975,259.2534611
5/16/2024 16:00,1895.322034,1886.201846,289.27,998.325,259.3809172
5/16/2024 17:00,1893.440678,1882.810902,289.1166667,997.475,259.5083733
5/16/2024 21:00,1900.982759,1886.557831,289.0266667,997.1166667,259.5815704
5/16/2024 22:00,1894.741379,1881.508663,288.8766667,997.4666667,259.4956683
5/16/2024 23:00,1903.79661,1891.651674,288.7266667,998.1,259.4097662
5/17/2024 0:00,1891.516667,1880.874267,288.65,998.7666667,259.3238641
5/17/2024 1:00,1887.833333,1876.689486,288.7833333,999.3166667,259.3853427
5/17/2024 2:00,1888.542373,1877.189566,289,999.6666667,259.4468213
5/17/2024 3:00,1895,1882.078321,288.87,999.5,259.5082999
5/17/2024 4:00,1887.133333,1875.266121,288.9666667,999.5916667,259.3753798
5/17/2024 5:00,1882.728814,1871.73637,289.0233333,999.2,259.2424597
5/17/2024 6:00,1877.474576,1867.433696,289.1,998.95,259.1095396
5/17/2024 7:00,1895.616667,1886.393519,289.1366667,998.9916667,259.0824114
5/17/2024 8:00,1893.758621,1885.522594,289.19,999.05,259.0552832
5/17/2024 9:00,1886.483333,1878.643653,289.0833333,999.2083333,259.0281549
5/17/2024 10:00,1884.576271,1876.866184,289.07,999.8833333,258.987675
5/17/2024 11:00,1901.830508,1894.595526,289.1666667,1000.525,258.947195
5/17/2024 13:00,1903.333333,1897.152339,289.19,1001.575,258.9085587
5/17/2024 14:00,1890.1,1884.599459,289.15,1001.483333,258.9104023
5/17/2024 15:00,1884.288136,1879.605533,289.1533333,1001.05,258.9122459
5/17/2024 16:00,1879.813559,1874.034591,288.98,1000.608333,258.9081027
5/17/2024 17:00,1889.216667,1883.277161,289.0633333,1000,258.9039595
5/17/2024 18:00,1883,1876.999641,289.16,999.9333333,258.8998163
5/17/2024 19:00,1892.466667,1886.130476,289.1466667,1000.2,258.8858717
5/17/2024 22:00,1873.948276,1868.413545,289.04,1001.95,258.8777461
5/17/2024 23:00,1879.288136,1875.873715,289.1666667,1002.583333,258.8975095
5/18/2024 0:00,1888.366667,1893.24782,290.9,1003,258.9172729
5/18/2024 1:00,1882.266667,1887.502963,291.0966667,1003.466667,258.8991236
5/18/2024 2:00,1865.233333,1862.556528,289.12,1003.891667,258.8809742
5/18/2024 3:00,1871.7,1869.355971,289.31,1003.783333,258.8628249
5/18/2024 4:00,1875.333333,1872.763349,289.4566667,1003.408333,258.7920633
5/18/2024 5:00,1881.433333,1877.921334,289.4166667,1003.15,258.7213017
5/18/2024 6:00,1881.166667,1876.97604,289.4433333,1002.775,258.65054
5/18/2024 7:00,1880.216667,1876.583909,289.4666667,1002.666667,258.5619464
5/18/2024 8:00,1883.033333,1879.672115,289.4166667,1002.366667,258.4733528
5/18/2024 9:00,1879.457627,1876.595091,289.4233333,1003.016667,258.3847591
5/18/2024 10:00,1876.7,1874.99333,289.4933333,1003.675,258.3229302
5/18/2024 11:00,1873.166667,1872.233412,289.4633333,1004.616667,258.2611013
5/18/2024 12:00,1868.883333,1868.758895,289.4433333,1005.333333,258.1992723
5/18/2024 13:00,1884.793103,1885.767749,289.5033333,1005.675,258.1286007
5/18/2024 14:00,1876.533333,1878.307396,289.4866667,1005.466667,258.0579292
5/18/2024 15:00,1883.083333,1885.759724,289.4933333,1005.266667,257.9872576
5/18/2024 16:00,1881.916667,1883.12109,289.45,1004.775,257.9336749
5/18/2024 17:00,1879.1,1879.064453,289.4666667,1004.45,257.8800922
5/18/2024 18:00,1889.338983,1887.982514,289.4633333,1004.316667,257.8265094
5/18/2024 19:00,1883.45,1881.632763,289.42,1004.35,257.8825657
5/18/2024 20:00,1892.116667,1889.696208,289.3433333,1004.408333,257.9386219
5/18/2024 21:00,1872.216667,1869.675879,289.3833333,1005.1,257.9946782
5/18/2024 22:00,1874.683333,1873.049516,289.36,1005.766667,257.8871704
5/18/2024 23:00,1871.7,1870.965437,289.3333333,1006.383333,257.7796626
5/19/2024 0:00,1870.383333,1870.811493,289.3766667,1006.708333,257.6721548
5/19/2024 1:00,1875.25,1875.702846,289.38,1006.941667,257.6100691
5/19/2024 2:00,1872.983333,1873.661967,289.4366667,1007.1,257.5479835
5/19/2024 3:00,1871.483333,1872.235612,289.4533333,1007.183333,257.4858978
5/20/2024 23:00,1855.85,1849.295674,289.3466667,999.35,259.7825759
5/21/2024 0:00,1870.525424,1878.25781,292.8533333,999.4583333,259.8944242
5/21/2024 1:00,1855.916667,1862.862815,292.9766667,999.5,259.8994629
5/21/2024 2:00,1843.1,1846.165216,292.27,999.45,259.9045016
5/21/2024 3:00,1848.5,1850.252126,292.2333333,999.325,259.9095402
5/21/2024 4:00,1869.183333,1870.90463,292.2066667,998.7833333,259.9367264
5/21/2024 5:00,1856.216667,1857.901076,292.1866667,998.1083333,259.9639127
5/21/2024 6:00,1860.576271,1862.390812,292.2066667,997.3833333,259.9910989
5/21/2024 7:00,1863.383333,1864.569272,292.2,996.9083333,259.9823996
5/21/2024 8:00,1863.316667,1863.745376,292.16,996.9833333,259.9737002
5/21/2024 9:00,1860.016667,1859.575855,292.09,997.4416667,259.9650009
5/21/2024 10:00,1869.966667,1870.962149,292.1266667,997.9916667,260.0207394
5/21/2024 11:00,1857.133333,1859.501544,292.15,998.575,260.0764779
5/21/2024 22:00,1863.55,1861.64528,292.08,993.85,261.3006343
5/21/2024 23:00,1858.45,1856.493386,292.05,994.4666667,261.2492697
5/22/2024 0:00,1865.05,1864.163763,292.32,995.525,261.1979052
5/22/2024 1:00,1863.35,1863.116421,292.4433333,996.2583333,261.1373418
5/22/2024 2:00,1857.55,1855.066036,291.7966667,996.0166667,261.0767783
5/22/2024 3:00,1857.241379,1853.036238,291.29,995.9666667,261.0162149
5/22/2024 4:00,1874.15,1869.774772,291.0033333,995.775,261.0243664
5/22/2024 5:00,1868.633333,1864.190023,290.73,995.3666667,261.0325179
5/22/2024 6:00,1875.15,1870.875717,290.5266667,994.925,261.0406694
5/22/2024 7:00,1873.716667,1868.745899,290.5233333,994.6666667,260.9712789
5/22/2024 8:00,1871.7,1866.553481,290.6566667,994.5666667,260.9018883
5/22/2024 9:00,1874.316667,1868.728764,290.7233333,995.0666667,260.8324978
5/22/2024 10:00,1878.79661,1875.120339,290.7766667,995.575,260.8461489
5/22/2024 11:00,1871.583333,1869.347487,290.7,996.1166667,260.8598
5/22/2024 12:00,1868.101695,1867.433711,290.66,996.7083333,260.8734511
5/22/2024 13:00,1866.847458,1864.85603,290.5766667,996.8833333,260.9377302
5/22/2024 14:00,1869.254237,1865.960829,290.5,996.4833333,261.0020094
5/22/2024 15:00,1869.440678,1865.286048,290.5389831,995.3050847,261.0662885
5/22/2024 16:00,1867.745763,1862.746389,290.68,994.3083333,261.1328033
5/22/2024 17:00,1873.016667,1867.376186,290.88,993.575,261.1993181
5/22/2024 18:00,1872.35,1866.981471,291.3166667,993,261.2658329
5/22/2024 19:00,1865.533333,1860.412161,291.69,992.7166667,261.2033609
5/22/2024 20:00,1866.483333,1863.086731,292.46,992.8833333,261.1408889
5/22/2024 21:00,1865.847458,1861.634526,292.5566667,993.0833333,261.0784169
5/22/2024 22:00,1856.466667,1853.954787,292.6166667,993.3666667,261.0461562
5/22/2024 23:00,1863.016949,1862.007178,292.63,993.85,261.0138955
5/23/2024 0:00,1863.183333,1864.341518,292.8166667,993.9333333,260.9816348
5/23/2024 1:00,1851.983333,1852.845075,292.7766667,994.1833333,260.8489872
5/23/2024 2:00,1860.258621,1860.757955,292.7166667,994.6333333,260.7163397
5/23/2024 3:00,1863.45,1863.255625,292.57,994.3083333,260.5836922
5/23/2024 4:00,1864.932203,1862.023384,292.2433333,993.8666667,260.4577096
5/23/2024 5:00,1858.233333,1852.145641,291.7866667,993.2666667,260.331727
5/23/2024 6:00,1874.866667,1866.547271,291.6033333,992.7416667,260.2057443
5/23/2024 7:00,1878.118644,1869.238198,291.4766667,992.5083333,260.0995598
5/23/2024 8:00,1871.413793,1862.05833,291.36,992.6916667,259.9933752
5/23/2024 9:00,1875.338983,1865.456253,291.2433333,992.975,259.8871907
5/23/2024 10:00,1874.966667,1867.155405,291.1433333,993.65,259.9077817
5/23/2024 11:00,1871.75,1866.146626,291.0766667,994.0833333,259.9283727
5/23/2024 12:00,1874.8,1871.350168,291,994.525,259.9489637
5/23/2024 13:00,1859.847458,1855.462794,290.9433333,995.5083333,259.7883401
5/23/2024 14:00,1880.033333,1874.33714,290.81,995.4166667,259.6277165
5/23/2024 23:00,1857.133333,1851.453897,291.13,998,258.4536696
5/24/2024 1:00,1858.8,1862.761637,293.21,999.5,258.002755
5/24/2024 2:00,1866.35,1875.433399,294.2366667,999.8166667,257.6044297
5/24/2024 3:00,1874.066667,1873.682226,291.4266667,1000.091667,257.2061044
5/24/2024 4:00,1874.783333,1870.744119,290.4266667,1000.058333,256.9746671
5/24/2024 5:00,1865.216667,1859.543127,289.95,1000.8,256.7432298
5/24/2024 6:00,1882.701754,1875.521742,289.53,1000.625,256.5117924
5/24/2024 7:00,1877.508475,1870.392631,289.32,1001.058333,256.3156918
5/24/2024 8:00,1871.898305,1864.73442,289.08,1001.775,256.1195912
5/24/2024 9:00,1881.152542,1873.87092,288.8366667,1002.283333,255.9234906
5/24/2024 10:00,1872.9,1865.277001,288.5866667,1003.358333,255.9352856
5/24/2024 11:00,1865.883333,1858.105585,288.3866667,1004.508333,255.9470806
5/24/2024 12:00,1857.266667,1849.53006,288.2366667,1005.741667,255.9588756
5/24/2024 13:00,1870.383333,1863.007683,288.0733333,1006.091667,255.9484754
5/24/2024 14:00,1872.633333,1868.671222,288.7033333,1006.291667,255.9380751
5/24/2024 23:00,1895.883333,1894.383185,288.89,1007.891667,255.7305974
5/25/2024 0:00,1885.566667,1884.528625,288.8733333,1008.458333,255.6298304
5/25/2024 1:00,1887.152542,1886.831564,288.7666667,1008.808333,255.5808149
5/25/2024 2:00,1880.5,1882.054078,288.9633333,1009.483333,255.5317995
5/25/2024 3:00,1880.5,1883.853404,289.14,1010,255.4827841
5/25/2024 4:00,1881.666667,1885.246222,289.1966667,1009.825,255.3990154
5/25/2024 5:00,1889.275862,1893.222967,289.2866667,1009.733333,255.3152467
5/25/2024 6:00,1894.983333,1899.065309,289.3166667,1008.9,255.231478
5/25/2024 7:00,1882.101695,1885.06659,289.3333333,1008.566667,255.1151986
5/25/2024 8:00,1882.716667,1884.733716,289.3866667,1008.391667,254.9989192
5/25/2024 9:00,1887.683333,1888.716534,289.43,1009.116667,254.8826397
5/25/2024 10:00,1889.896552,1892.701065,289.4966667,1009.783333,254.8414782
5/25/2024 11:00,1882.833333,1887.047797,289.4733333,1010.5,254.8003166
5/25/2024 12:00,1881.237288,1887.200381,289.5366667,1011.491667,254.759155
5/25/2024 13:00,1874.033333,1880.334566,289.5666667,1011.85,254.8140169
5/25/2024 14:00,1878.7,1885.417132,289.6066667,1011.766667,254.8688789
5/25/2024 15:00,1883.416667,1890.513592,289.6366667,1011.216667,254.9237408
5/25/2024 16:00,1890.55,1896.25018,289.6833333,1010.65,255.0283463
5/25/2024 17:00,1883.95,1887.957236,289.6633333,1009.725,255.1329518
5/25/2024 18:00,1874.466667,1876.625538,289.6,1008.975,255.2375573
5/25/2024 19:00,1888.034483,1889.936893,289.5566667,1008.516667,255.248105
5/25/2024 20:00,1883.322034,1884.757063,289.4633333,1008.825,255.2586527
5/25/2024 21:00,1893.305085,1894.654411,289.4666667,1009.116667,255.2692005
5/25/2024 22:00,1887.833333,1889.554228,289.41,1009.441667,255.2494114
5/25/2024 23:00,1894.016667,1896.440674,289.4366667,1009.816667,255.2296223
5/26/2024 0:00,1876.133333,1879.35273,289.4966667,1010.041667,255.2098332
5/26/2024 1:00,1878.898305,1883.202053,289.5266667,1010.316667,255.2654832
5/26/2024 17:00,1880.816667,1883.792987,289.94,1006.058333,256.2533629
5/26/2024 18:00,1873.65,1875.270128,290.05,1005.716667,256.3496916
5/26/2024 21:00,1877.016667,1877.550979,289.83,1005.658333,256.5054619
5/26/2024 22:00,1861.711864,1860.873057,289.67,1006.025,256.4376859
5/26/2024 23:00,1871.433333,1870.26508,289.7866667,1006.691667,256.3699098
5/27/2024 0:00,1864.55,1862.268383,289.6933333,1007.05,256.3021338
5/27/2024 1:00,1870.483333,1869.296864,289.6633333,1007.191667,256.2984017
5/27/2024 2:00,1861.101695,1861.680307,289.8084746,1007.257627,256.2946696
5/27/2024 3:00,1861.283333,1862.714402,289.7133333,1007.416667,256.2909376
5/27/2024 4:00,1863.233333,1863.833396,289.82,1007.266667,256.1776237
5/27/2024 5:00,1866.116667,1865.265836,289.7633333,1006.883333,256.0643099
5/27/2024 6:00,1861.566667,1859.698448,289.82,1006.508333,255.9509961
5/27/2024 7:00,1881.084746,1879.790268,289.8266667,1006.358333,255.7676989
5/27/2024 8:00,1881.627119,1880.862335,289.8166667,1006.333333,255.5844018
5/27/2024 9:00,1871.95,1871.868588,289.8466667,1007.075,255.4011047
5/27/2024 10:00,1858.866667,1860.661311,289.9733333,1008.216667,255.3091652
5/27/2024 11:00,1861.949153,1864.643106,289.84,1008.833333,255.2172258
5/27/2024 12:00,1856.6,1860.985947,289.92,1009.591667,255.1252863
5/27/2024 14:00,1858.616667,1863.623662,289.8766667,1009.925,255.3758042
5/28/2024 0:00,1896.576271,1896.856577,288.34,1010.383333,255.7952273
5/28/2024 1:00,1889.440678,1889.413471,288.2166667,1010.4,255.7253399
5/28/2024 2:00,1890.5,1891.701233,288.4933333,1010.558333,255.6554526
5/28/2024 3:00,1898.266667,1899.177642,288.3733333,1010.691667,255.5855652
5/28/2024 4:00,1889.576271,1892.14198,288.9233333,1010.616667,255.5385325
5/28/2024 5:00,1883.016949,1887.126216,289.4466667,1010.258333,255.4914997
5/28/2024 6:00,1888.066667,1892.400187,289.62,1009.758333,255.444467
5/28/2024 7:00,1885.644068,1890.491261,289.65,1009.766667,255.3545895
5/28/2024 8:00,1886,1891.559516,289.73,1009.883333,255.264712
5/28/2024 9:00,1893.516667,1900.185597,289.9066667,1010.316667,255.1748345
5/28/2024 10:00,1887.966667,1894.184528,289.7966667,1010.75,255.1156623
5/28/2024 11:00,1875.15,1882.513807,290.11,1011.366667,255.0564901
5/28/2024 12:00,1875.35,1881.865624,289.89,1011.75,254.997318
5/28/2024 13:00,1876.516667,1884.531937,290.13,1012.075,255.0823456
5/28/2024 14:00,1875.084746,1884.309081,290.2966667,1011.883333,255.1673733
5/28/2024 20:00,1889.118644,1886.416365,288.5711864,1008.711864,256.0741646
5/28/2024 21:00,1887.271186,1884.582515,288.4266667,1009.283333,256.1607947
5/28/2024 22:00,1889.133333,1886.985293,288.2966667,1009.766667,256.1538396
5/28/2024 23:00,1881.433333,1880.64933,288.38,1009.883333,256.1468845
5/29/2024 0:00,1888.152542,1889.416929,288.6433333,1010.083333,256.1399293
5/29/2024 1:00,1884.316667,1886.572833,288.8766667,1009.95,256.1947965
5/29/2024 2:00,1885.166667,1888.112599,289.03,1010.058333,256.2496637
5/29/2024 3:00,1887.883333,1892.240213,289.37,1010,256.3045308
5/29/2024 4:00,1892.033898,1897.025203,289.5066667,1009.783333,256.3855218
5/29/2024 5:00,1889.65,1895.207996,289.63,1009.466667,256.4665129
5/29/2024 6:00,1889.779661,1896.026666,289.7833333,1008.983333,256.5475039
5/29/2024 7:00,1890.05,1895.927937,289.7966667,1008.883333,256.558836
5/29/2024 8:00,1891.322034,1896.602828,289.75,1008.775,256.570168
5/29/2024 9:00,1878.45,1884.33412,290.0266667,1008.933333,256.5815001
5/29/2024 10:00,1878.559322,1883.182712,289.7933333,1009.241667,256.6045825
5/29/2024 11:00,1886.916667,1891.138963,289.78,1009.291667,256.6276648
5/29/2024 12:00,1891.6,1896.679989,290.0966667,1009.641667,256.6507472
5/29/2024 13:00,1881.271186,1887.742869,290.0766667,1010.091667,256.7394247
5/29/2024 14:00,1886.966667,1894.857105,290.05,1009.908333,256.8281021
5/29/2024 15:00,1889.883333,1898.456145,289.8333333,1009.341667,256.9167796
5/29/2024 16:00,1891.366667,1896.874573,289.5866667,1008.45,257.0236832
5/29/2024 17:00,1893.966667,1895.987951,289.23,1007.316667,257.1305868
5/29/2024 22:00,1857.616667,1853.898493,288.0366667,1006.558333,257.6665763
5/29/2024 23:00,1862,1859.070043,288.34,1006.766667,257.745997
5/30/2024 0:00,1856.75,1853.707732,288.4,1006.908333,257.8254178
5/30/2024 1:00,1856.586207,1852.50892,288.2733333,1007.108333,257.82908
5/30/2024 2:00,1852.779661,1848.878472,288.4666667,1007.075,257.8327423
5/30/2024 3:00,1869.916667,1867.6895,289.0666667,1006.691667,257.8364045
5/30/2024 4:00,1860.067797,1859.898795,289.4533333,1006.275,257.7626165
5/30/2024 5:00,1854.883333,1855.75319,289.5733333,1005.858333,257.6888285
5/30/2024 6:00,1872.7,1874.24675,289.5933333,1005.416667,257.6150404
5/30/2024 7:00,1865.083333,1865.999871,289.6133333,1005.391667,257.5667274
5/30/2024 8:00,1865.35,1865.794323,289.6733333,1005.558333,257.5184143
5/30/2024 9:00,1862.2,1862.298122,289.7666667,1006.1,257.4701013
5/30/2024 10:00,1874.85,1876.035764,289.8566667,1006.525,257.4871429
5/30/2024 11:00,1870.3,1872.289184,289.8733333,1006.8,257.5041845
5/30/2024 12:00,1865.271186,1868.185874,289.9233333,1007.133333,257.5212261
5/30/2024 15:00,1873.416667,1874.219884,289.84,1006.283333,257.803674
5/30/2024 16:00,1869.433333,1867.531204,289.3133333,1005.691667,257.7945142
5/30/2024 17:00,1872.45,1869.29439,289.17,1004.675,257.7853545
5/30/2024 18:00,1869.433333,1863.534454,288.63,1004.066667,257.7761947
5/30/2024 19:00,1865.3,1860.689478,288.6666667,1003.816667,257.9192985
5/30/2024 20:00,1869.116667,1865.346421,288.59,1004.05,258.0624022
5/30/2024 21:00,1864.677966,1862.772596,288.78,1004.291667,258.205506
5/30/2024 22:00,1860.283333,1859.117458,288.98,1004.625,258.3078155
5/31/2024 0:00,1876.616667,1881.303632,290.5283333,1005.016667,258.5124346
5/31/2024 1:00,1877.1,1876.621529,289.3916667,1005.183333,258.4609548
5/31/2024 2:00,1871.166667,1868.167763,288.945,1005.283333,258.4094751
5/31/2024 3:00,1862.95,1858.003458,288.6433333,1005.125,258.3579954
5/31/2024 4:00,1871.1,1866.485747,288.5766667,1004.791667,258.3748989
5/31/2024 5:00,1876.883333,1874.44767,288.9933333,1004.358333,258.3918024
5/31/2024 6:00,1876.689655,1875.967128,289.2833333,1003.591667,258.4087059
5/31/2024 7:00,1882.033333,1880.281711,289.39,1003.158333,258.4583985
5/31/2024 8:00,1880.383333,1877.163158,289.38,1003.141667,258.508091
5/31/2024 9:00,1869.508475,1865.357478,289.505,1003.558333,258.5577836
5/31/2024 10:00,1874.033333,1871.52949,289.4433333,1004.15,258.5550342
5/31/2024 11:00,1873.916667,1873.394687,289.4666667,1004.391667,258.5522848
5/31/2024 12:00,1872.433333,1874.090502,289.5416667,1004.533333,258.5495354
5/31/2024 13:00,1869.542373,1870.03285,289.55,1004.85,258.6541019
5/31/2024 14:00,1864.05,1863.070235,289.4766667,1004.258333,258.7586684
5/31/2024 15:00,1881.216667,1879.331447,289.5566667,1003.258333,258.863235
5/31/2024 16:00,1871.933333,1868.326001,289.3966667,1002.466667,259.000282
5/31/2024 17:00,1867.355932,1862.069628,289.2466667,1001.925,259.1373291
5/31/2024 18:00,1871.533333,1864.292915,289.03,1001.225,259.2743762
5/31/2024 19:00,1867.186441,1858.912017,288.6,1000.983333,259.2847764
5/31/2024 20:00,1872.661017,1865.263838,288.6866667,1000.758333,259.2951766
5/31/2024 21:00,1876.833333,1870.494441,288.8183333,1000.65,259.3055767
5/31/2024 22:00,1878.283333,1872.495525,288.9016667,1000.433333,259.3605653
5/31/2024 23:00,1877.59322,1872.420481,289,1000.6,259.4155539
6/1/2024 0:00,1877.508475,1873.4083,288.9816667,1000.775,259.4705425
6/1/2024 1:00,1873.7,1869.609827,288.815,1000.958333,259.4591884
6/1/2024 2:00,1873.466667,1869.366042,288.645,1000.816667,259.4478343
6/1/2024 3:00,1891.85,1887.659759,288.465,1000.541667,259.4364803
6/1/2024 4:00,1881.4,1877.588458,288.97,1000.391667,259.4482226
6/1/2024 5:00,1883.283333,1877.961863,288.9866667,1000.058333,259.459965
6/1/2024 6:00,1882.983333,1875.422052,288.81,999.9,259.4717073
6/1/2024 7:00,1889.716667,1882.879585,288.8216667,999.9916667,259.3474834
6/1/2024 8:00,1879.266667,1873.588639,288.9316667,1000.066667,259.2232595
6/1/2024 9:00,1882.152542,1877.27192,288.9583333,1000.491667,259.0990356
6/1/2024 10:00,1880.216667,1876.25255,289.1366667,1001.241667,259.0108926
6/1/2024 11:00,1877.45,1873.730377,289.1383333,1002.05,258.9227497
6/1/2024 12:00,1880.576271,1877.23558,289.1783333,1002.216667,258.8346067
6/1/2024 13:00,1867.55,1863.62175,289.1033333,1002.525,258.8657921
6/1/2024 14:00,1871.916667,1867.999039,289.195,1002.366667,258.8969774
6/1/2024 15:00,1878.949153,1874.364534,289.11,1001.75,258.9281628
6/1/2024 16:00,1886.440678,1879.585538,288.93,1000.7,258.986225
6/1/2024 17:00,1882.440678,1874.432815,289.0333333,1000.041667,259.0442872
6/1/2024 18:00,1884.050847,1872.834042,288.6016667,999.425,259.1023494
6/1/2024 19:00,1876.516667,1865.780087,288.77,999.1583333,259.1921651
6/1/2024 20:00,1879.728814,1869.593454,288.9866667,999.1083333,259.2819809
6/1/2024 21:00,1882.15,1872.432177,289.1533333,999.1583333,259.3717966
6/1/2024 22:00,1867.396552,1859.476041,289.3366667,999.5166667,259.3886569
6/1/2024 23:00,1874.033333,1867.674543,289.4833333,999.825,259.4055172
6/2/2024 0:00,1890.25,1884.943807,289.5,999.775,259.4223775
6/2/2024 1:00,1881.933333,1877.166567,289.38,999.75,259.3880312
6/2/2024 2:00,1883.616667,1878.987305,289.1616667,999.8166667,259.3536848
6/2/2024 3:00,1886.783333,1882.173508,288.9133333,999.5083333,259.3193385
6/2/2024 4:00,1879.233333,1872.939761,288.8333333,999.4,259.3573245
6/2/2024 5:00,1891.706897,1883.443,288.6966667,998.9,259.3953105
6/2/2024 8:00,1891.59322,1881.467139,288.6237288,998.3830508,259.3253994
6/2/2024 9:00,1897,1887.876965,288.9166667,998.8083333,259.2714508
6/2/2024 10:00,1881.116667,1873.07149,288.9266667,999.25,259.2440497
6/2/2024 11:00,1879.433333,1872.415468,288.9416667,999.55,259.2166486
6/2/2024 12:00,1886.745763,1881.380575,289.1283333,999.7833333,259.1892475
6/2/2024 13:00,1882.983333,1877.385812,289.0233333,999.7083333,259.2991656
6/2/2024 14:00,1881.5,1875.974977,289,999.225,259.4090836
6/2/2024 15:00,1875.15,1870.394623,289.1566667,998.6833333,259.5190016
6/2/2024 16:00,1893.616667,1884.708855,288.7616667,997.9083333,259.6913502
6/2/2024 17:00,1882.166667,1870.708229,288.7533333,996.9416667,259.8636987
6/2/2024 18:00,1885.322034,1872.423125,289.0566667,996.4333333,260.0360472
6/2/2024 19:00,1880.583333,1870.156643,289.44,996.5583333,260.0536022
6/2/2024 20:00,1871.666667,1863.456068,289.7533333,997.025,260.0711572
6/2/2024 21:00,1872.762712,1866.540966,290.02,997.7083333,260.0887122
6/2/2024 22:00,1884,1880.06928,290.22,998.5,259.946461
6/2/2024 23:00,1876.45,1874.723767,290.385,999.425,259.8042098
6/3/2024 0:00,1872.533333,1872.427331,290.4,1000.441667,259.6619586
6/3/2024 1:00,1876.583333,1876.640926,290.2966667,1001.091667,259.5842963
6/3/2024 2:00,1874,1873.726714,290.0633333,1001.758333,259.5066341
6/3/2024 3:00,1876.816667,1876.592541,289.93,1001.875,259.4289719
6/3/2024 4:00,1877.566667,1876.820253,289.8,1002.025,259.3898408
6/3/2024 5:00,1878.466667,1877.559549,289.765,1001.983333,259.3507097
6/3/2024 6:00,1882.383333,1881.19912,289.7,1001.758333,259.3115787
6/3/2024 7:00,1879.616667,1879.423713,289.6816667,1001.816667,259.112856
6/3/2024 8:00,1869.466667,1870.082327,289.6166667,1001.808333,258.9141334
6/3/2024 9:00,1869.833333,1871.440757,289.6,1003.591667,258.7154107
6/3/2024 10:00,1854.898305,1857.075184,289.5333333,1004.85,258.6085991
6/3/2024 11:00,1867.15,1870.111013,289.515,1005.691667,258.5017875
6/3/2024 12:00,1871.583333,1875.329621,289.4983333,1006.783333,258.3949759
6/3/2024 13:00,1871,1875.792511,289.5033333,1007.391667,258.3029551
6/3/2024 14:00,1860.728814,1866.556178,289.5133333,1007.441667,258.2109342
6/3/2024 15:00,1872.6,1879.075405,289.4033333,1007.241667,258.1189134
6/3/2024 16:00,1853.983333,1859.925166,289.6516667,1006.708333,258.1410642
6/3/2024 17:00,1865.866667,1870.937794,289.785,1006.275,258.163215
6/3/2024 18:00,1861.322034,1865.033034,289.8016667,1005.816667,258.1853657
6/3/2024 19:00,1859.316667,1863.5292,289.935,1005.558333,258.2121625
6/3/2024 20:00,1859.898305,1864.554914,290.0516667,1005.491667,258.2389593
6/3/2024 21:00,1878.816667,1883.840565,290.135,1005.458333,258.265756
6/3/2024 22:00,1865.05,1870.045793,290.1116667,1005.516667,258.3110496
6/3/2024 23:00,1872.75,1876.594159,289.7783333,1005.425,258.3563431
6/4/2024 0:00,1865.433333,1868.095522,289.445,1005.325,258.4016366
6/4/2024 1:00,1858.166667,1859.544574,289.1433333,1005.141667,258.4139022
6/4/2024 2:00,1862.05,1861.859074,288.7633333,1004.975,258.4261677
6/4/2024 21:00,1875.85,1870.493869,288.8066667,1001.091667,259.8973595
6/4/2024 22:00,1878.745763,1874.632412,289.12,1001.575,259.9423083
6/4/2024 23:00,1871.75,1869.038265,289.47,1001.733333,259.9872572
6/5/2024 0:00,1874.083333,1871.471813,289.4816667,1001.7,260.032206
6/5/2024 3:00,1881.783333,1880.158601,288.9133333,1001.966667,259.9544183
6/5/2024 4:00,1867.881356,1864.954501,288.7816667,1001.75,259.9834798
6/5/2024 5:00,1877.383333,1872.918976,288.5966667,1001.633333,260.0125413
6/5/2024 6:00,1862.133333,1856.522732,288.4983333,1001.416667,260.0416028
6/5/2024 7:00,1883.316667,1877.491074,288.3816667,1001.183333,260.0399838
6/5/2024 8:00,1874.766667,1871.625764,289.005,1001.1,260.0383649
6/5/2024 9:00,1873.779661,1868.870841,288.4616667,1001.533333,260.036746
6/5/2024 10:00,1864.5,1861.709959,288.9716667,1002.216667,260.0083061
6/5/2024 11:00,1880.1,1876.161724,288.6316667,1002.933333,259.9798663
6/5/2024 12:00,1868.661017,1865.603406,288.8133333,1003.466667,259.9514265
6/5/2024 13:00,1877.383333,1875.940416,288.955,1003.583333,260.0441745
6/5/2024 14:00,1866.116667,1865.640293,288.9216667,1003.216667,260.1369224
6/5/2024 15:00,1867.711864,1866.880376,288.5416667,1002.375,260.2296704
6/6/2024 1:00,1859.322034,1861.48688,290.5783333,1000.15,260.9544316
6/6/2024 2:00,1862.508475,1862.740425,290.3483333,1000.208333,260.9072681
6/6/2024 3:00,1854.016667,1852.566151,290.1833333,1000.183333,260.8601045
6/6/2024 4:00,1855.2,1855.334272,290.515,1000.133333,260.8338425
6/6/2024 5:00,1865.95,1864.708222,290.0616667,1000.191667,260.8075805
6/6/2024 6:00,1867.6,1866.078043,289.8983333,1000.025,260.7813185
6/6/2024 7:00,1868.133333,1865.644385,289.7816667,999.8583333,260.7599406
6/6/2024 8:00,1874.583333,1870.920212,289.6133333,999.65,260.7385628
6/6/2024 9:00,1871.683333,1866.679713,289.3966667,1000.308333,260.7171849
6/6/2024 10:00,1865.15,1861.908585,289.2133333,1000.758333,260.6651314
6/6/2024 11:00,1874.62069,1873.124395,289.0316667,1001.483333,260.613078
6/6/2024 12:00,1866.65,1867.155784,288.9133333,1001.825,260.5610245
6/6/2024 13:00,1859.677966,1859.510753,288.7816667,1002.233333,260.6070521
6/6/2024 14:00,1858.6,1857.881802,288.6816667,1002.025,260.6530797
6/6/2024 15:00,1860.983333,1859.794367,288.6033333,1001.341667,260.6991073
6/6/2024 16:00,1861.166667,1858.791955,288.9566667,1000.4,260.8101089
6/6/2024 19:00,1848.3,1845.406925,290.1733333,999.075,261.1169675
6/6/2024 20:00,1851.813559,1850.130947,290.5216667,999.025,261.2018229
6/6/2024 21:00,1852.4,1851.946529,290.8733333,999.125,261.2866783
6/6/2024 23:00,1857.20339,1860.311879,291.2516667,999.8166667,261.3425497
6/7/2024 0:00,1860.948276,1865.317547,291.3,1000.425,261.3704853
6/7/2024 1:00,1850.2,1853.926391,291.1283333,1000.766667,261.3786559
6/7/2024 2:00,1856.15,1858.979685,290.88,1001.033333,261.3868264
6/7/2024 3:00,1861.5,1863.798888,290.73,1001.258333,261.3949969
6/7/2024 4:00,1854.75,1856.142315,290.5816667,1001.275,261.3298142
6/7/2024 5:00,1862.2,1862.816212,290.465,1001.308333,261.2646314
6/7/2024 6:00,1866.067797,1865.902298,290.3483333,1001.275,261.1994487
6/7/2024 7:00,1874.55,1873.933949,290.2316667,1001.091667,261.1710599
6/7/2024 8:00,1859.95,1858.760523,290.08,1001.35,261.1426712
6/7/2024 9:00,1868.810345,1867.236499,289.9816667,1001.558333,261.1142824
6/7/2024 10:00,1859.016667,1859.756702,289.83,1001.9,261.1372201
6/7/2024 11:00,1862.566667,1865.564227,289.6633333,1002.616667,261.1601578
6/7/2024 12:00,1859.033898,1864.160525,289.465,1003.35,261.1830955
6/7/2024 13:00,1858.383333,1861.854886,289.3483333,1003.591667,261.1992108
6/7/2024 14:00,1857.716667,1859.340781,289.18,1003.241667,261.215326
6/7/2024 15:00,1847.216667,1847.460028,289.135,1002.583333,261.2314413
6/7/2024 16:00,1852.533333,1852.752678,289.425,1001.483333,261.3385209
6/7/2024 17:00,1839.866667,1840.396086,289.805,1000.708333,261.4456006
6/7/2024 18:00,1853.779661,1854.520426,290.1566667,1000.108333,261.5526802
6/7/2024 19:00,1842.932203,1844.622977,290.5566667,999.85,261.6282879
6/7/2024 20:00,1847.881356,1850.271199,290.8866667,999.8333333,261.7038956
6/7/2024 21:00,1853.25,1856.111286,291.155,999.9083333,261.7795033
6/7/2024 22:00,1845.741379,1849.979331,291.37,1000.05,261.8055886
6/7/2024 23:00,1845.35,1850.656786,291.5,1000.341667,261.8316739
6/8/2024 0:00,1847.2,1853.094562,291.5,1000.708333,261.8577592
6/8/2024 1:00,1849.083333,1854.694532,291.3966667,1000.9,261.8147703
6/8/2024 2:00,1862.783333,1867.778173,291.1966667,1001.025,261.7717813
6/8/2024 3:00,1846.830508,1851.255736,291.03,1000.983333,261.7287923
6/8/2024 4:00,1862.666667,1866.986673,290.8316667,1000.925,261.6772167
6/8/2024 5:00,1859.237288,1863.904442,290.765,1000.641667,261.625641
6/8/2024 6:00,1854.666667,1859.355867,290.6133333,1000.2,261.5740654
6/8/2024 7:00,1865.916667,1869.756487,290.4983333,999.9833333,261.5622438
6/8/2024 8:00,1858.508475,1861.843234,290.485,999.9083333,261.5504222
6/8/2024 9:00,1869.15,1871.789758,290.4133333,1000.325,261.5386006
6/8/2024 10:00,1862.233333,1864.826616,290.2466667,1000.941667,261.6029593
6/8/2024 11:00,1856.75,1859.36823,290.0983333,1001.5,261.667318
6/8/2024 12:00,1864.898305,1867.484949,289.93,1001.775,261.7316766
6/8/2024 13:00,1860.305085,1861.237583,289.73,1001.716667,261.82599
6/8/2024 14:00,1849.050847,1848.410119,289.5483333,1001.15,261.9203033
6/8/2024 15:00,1851.266667,1849.626269,289.5183333,1000.233333,262.0146166
6/8/2024 16:00,1855.866667,1854.388449,289.7733333,998.6916667,262.2235899
6/8/2024 17:00,1866.916667,1866.013433,290.1383333,997.1333333,262.4325632
6/8/2024 18:00,1853.966667,1853.662157,290.5066667,996.2083333,262.6415365
6/8/2024 19:00,1861.433333,1860.860493,290.89,995.4583333,262.7640861
6/8/2024 20:00,1857.2,1856.292936,291.255,995.1416667,262.8866357
6/8/2024 21:00,1861.6,1859.983302,291.5216667,994.9416667,263.0091854
6/8/2024 22:00,1855.75,1855.582895,291.77,994.7,263.0339695
6/8/2024 23:00,1861.050847,1862.081079,291.9516667,994.725,263.0587536
6/9/2024 0:00,1854.866667,1856.585625,292,994.9083333,263.0835378
6/9/2024 1:00,1848.711864,1850.341088,291.93,995.0666667,263.0974336
6/9/2024 2:00,1865.933333,1867.132906,291.765,994.7916667,263.1113295
6/9/2024 3:00,1861.916667,1862.852613,291.6483333,994.4916667,263.1252253
6/9/2024 4:00,1862.716667,1864.238894,291.5833333,994.275,263.150365
6/9/2024 5:00,1883.383333,1885.827547,291.6,993.9333333,263.1755048
6/9/2024 6:00,1857.266667,1860.702125,291.6516667,993.3166667,263.2006445
6/9/2024 7:00,1858.083333,1859.53182,291.6316667,993.0666667,263.0730308
6/9/2024 10:00,1871.266667,1871.569391,291.6816667,994.2833333,262.7061975
6/9/2024 11:00,1866.183333,1868.540677,291.565,995,262.5945917
6/9/2024 12:00,1863.15,1867.753708,291.5,995.6,262.4829858
6/9/2024 13:00,1852.5,1856.099959,291.4833333,995.9083333,262.540064
6/9/2024 14:00,1856.416667,1858.844043,291.4133333,995.6833333,262.5971422
6/9/2024 15:00,1859.762712,1860.849235,291.3,994.2333333,262.6542204
6/9/2024 16:00,1856.084746,1855.802841,291.37,992.3833333,262.7955794
6/9/2024 17:00,1870.431034,1869.131457,291.535,991.3166667,262.9369384
6/9/2024 18:00,1859.933333,1857.776327,291.7383333,990.5666667,263.0782974
6/9/2024 19:00,1861.716667,1860.873466,292.0566667,990.2583333,263.0923268
6/9/2024 20:00,1869.833333,1870.163505,292.3366667,990.7666667,263.1063561
6/9/2024 21:00,1862.847458,1864.299337,292.6033333,990.9583333,263.1203854
6/9/2024 22:00,1860.135593,1862.503439,292.82,991.8833333,262.9439212
6/9/2024 23:00,1853.1,1856.179306,292.985,992.8416667,262.7674569
6/10/2024 0:00,1852.932203,1856.160443,292.9983333,993.5083333,262.5909927
6/10/2024 1:00,1862.033333,1866.715006,292.865,994.1,262.4853546
6/10/2024 2:00,1859.474576,1865.77584,292.7816667,994.7333333,262.3797165
6/10/2024 3:00,1860.542373,1867.894282,292.545,994.825,262.2740784
6/10/2024 4:00,1861.683333,1866.679907,292.2616667,994.9166667,262.1979474
6/10/2024 5:00,1861.118644,1864.022342,292.0483333,994.625,262.1218163
6/10/2024 6:00,1858.016667,1858.999758,291.88,994.5333333,262.0456853
6/10/2024 7:00,1860.766667,1859.971694,291.7466667,994.625,261.9754052
6/10/2024 8:00,1871.45,1868.615923,291.5483333,994.8666667,261.9051251
6/10/2024 9:00,1856.135593,1851.615872,291.4316667,995.0833333,261.834845
6/10/2024 10:00,1861.627119,1859.298901,291.4183333,995.675,261.7451488
6/10/2024 11:00,1862.133333,1862.371607,291.5,996.5416667,261.6554525
6/10/2024 12:00,1857.733333,1860.227297,291.5,997.3833333,261.5657562
6/10/2024 13:00,1850.816667,1853.280946,291.4816667,998.1166667,261.4892306
6/10/2024 14:00,1850.883333,1852.95748,291.365,998.0666667,261.4127049
6/10/2024 15:00,1853.254237,1854.883935,291.2333333,997.3583333,261.3361793
6/10/2024 16:00,1857.7,1858.065881,291.3866667,996.0666667,261.484624
6/10/2024 17:00,1859.4,1858.674219,291.5866667,995.1666667,261.6330687
6/10/2024 18:00,1848.9,1847.286813,291.8383333,994.7416667,261.7815134
6/10/2024 19:00,1861.683333,1862.061451,292.2066667,994.7583333,261.7545403
6/10/2024 20:00,1852.741379,1854.842869,292.5033333,995.025,261.7275672
6/10/2024 21:00,1845.898305,1849.349604,292.7033333,995.4916667,261.7005941
6/10/2024 22:00,1850.491525,1854.454472,292.8516667,995.8416667,261.6390335
6/10/2024 23:00,1851.066667,1855.477711,292.985,996.3833333,261.577473
6/11/2024 0:00,1850.25,1854.654145,292.9983333,996.775,261.5159124
6/11/2024 1:00,1849,1853.071396,292.8483333,997.3416667,261.5260643
6/11/2024 2:00,1847.186441,1850.849325,292.6783333,997.6916667,261.5362162
6/11/2024 3:00,1850.389831,1853.484657,292.4633333,997.825,261.546368
6/11/2024 4:00,1855.883333,1858.498596,292.265,997.6583333,261.4601115
6/11/2024 5:00,1859.366667,1861.610636,292.0966667,997.4166667,261.373855
6/11/2024 6:00,1868.949153,1870.896231,291.9466667,997.125,261.2875985
6/11/2024 7:00,1861.983333,1863.614235,291.7816667,997.1416667,261.2694599
6/11/2024 8:00,1871.576271,1872.955797,291.63,997.5,261.2513213
6/11/2024 9:00,1867.433333,1868.436877,291.4483333,998.1916667,261.2331827
6/11/2024 10:00,1864.066667,1864.884235,291.315,999.0583333,261.1101251
6/11/2024 11:00,1863.616667,1864.565247,291.265,999.875,260.9870676
6/11/2024 12:00,1859.016667,1860.030885,291.1983333,1000.466667,260.8640101
6/11/2024 13:00,1856.883333,1857.881137,291.1,1000.491667,260.9252988
6/11/2024 14:00,1848.084746,1849.369132,291.0833333,999.9916667,260.9865874
6/11/2024 15:00,1853.169492,1854.88132,291.1016667,999.2416667,261.047876
6/11/2024 16:00,1855.745763,1856.659479,291.2677966,998.3644068,261.1853508
6/11/2024 19:00,1845,1847.255721,292.3233333,997.0333333,261.5397852
6/11/2024 22:00,1850.533333,1856.831527,293.1833333,997.2916667,261.7367323
6/11/2024 23:00,1851.233333,1857.559223,293.1,997.4166667,261.7747095
6/12/2024 0:00,1846.847458,1853.572289,293.12,997.4916667,261.8126866
6/12/2024 1:00,1852.166667,1859.360166,293.28,997.6416667,261.7397003
6/12/2024 2:00,1842.933333,1848.479961,292.8916667,997.6333333,261.6667141
6/12/2024 3:00,1844.766667,1848.813909,292.5316667,997.7916667,261.5937278
6/12/2024 6:00,1859.237288,1862.063317,292.4133333,997.425,261.3858449
6/12/2024 7:00,1861.033898,1863.014742,292.23,997.3083333,261.3012234
6/12/2024 8:00,1861.533333,1862.477949,291.9966667,997.3,261.216602
6/12/2024 9:00,1861.2,1861.429527,291.8483333,997.7083333,261.1319805
6/12/2024 10:00,1864.033333,1865.855498,291.7316667,998.325,261.108807
6/12/2024 11:00,1856.783333,1860.11665,291.5966667,998.9583333,261.0856335
6/12/2024 12:00,1849,1853.97668,291.5,999.4333333,261.06246
6/12/2024 13:00,1859.9,1864.593811,291.4316667,999.3166667,261.2078212
6/12/2024 14:00,1845.45,1849.803872,291.365,998.9583333,261.3531824
6/12/2024 15:00,1844.25,1848.304067,291.3,998.1083333,261.4985436
6/12/2024 16:00,1857.5,1859.636922,291.3866667,996.9583333,261.7743874
6/12/2024 17:00,1860.1,1860.978946,291.655,995.7333333,262.0502312
6/12/2024 18:00,1851.316667,1851.187745,291.99,994.95,262.326075
6/12/2024 20:00,1852.866667,1854.140703,292.605,994.3083333,262.535161
6/12/2024 21:00,1844.75,1846.558034,292.87,994.2166667,262.639704
6/12/2024 22:00,1859.457627,1863.731017,293.0677966,994.2661017,262.6053825
6/13/2024 0:00,1864.2,1872.198249,293.145,994.325,262.5367395
6/13/2024 1:00,1856.733333,1862.536212,292.8783333,994.25,262.5441968
6/13/2024 2:00,1866.847458,1870.256293,292.545,993.8833333,262.5516542
6/13/2024 3:00,1859.533333,1860.578724,292.2283333,993.425,262.5591115
6/13/2024 4:00,1863.067797,1862.432538,292.0483333,992.9333333,262.4923956
6/13/2024 5:00,1862.85,1860.710111,291.915,992.6666667,262.4256796
6/13/2024 6:00,1871.37931,1868.167845,291.9,992.525,262.3589636
6/13/2024 7:00,1866.433333,1862.560835,291.9,992.05,262.3582154
6/13/2024 8:00,1873.983051,1869.486134,291.9166667,991.95,262.3574672
6/13/2024 9:00,1874.433333,1869.263406,291.9166667,992.2083333,262.356719
6/13/2024 10:00,1866.95,1862.746415,291.8483333,992.975,262.2800082
6/13/2024 11:00,1875.116667,1871.851347,291.7816667,993.6416667,262.2032974
6/13/2024 12:00,1871.583333,1869.153056,291.6816667,993.6,262.1265867
6/13/2024 13:00,1868.216667,1865.12881,291.5816667,993.0833333,262.2665706
6/13/2024 14:00,1865.816667,1862.141194,291.5,992.45,262.4065544
6/13/2024 15:00,1870.15,1866.182499,291.5,991.2333333,262.5465383
6/13/2024 16:00,1867.733333,1861.841353,291.5866667,989.775,262.8337212
6/13/2024 17:00,1873.133333,1865.915857,291.8383333,988.65,263.120904
6/13/2024 18:00,1865.1,1856.862754,292.1566667,987.575,263.4080868
6/13/2024 19:00,1874.283333,1869.154336,292.5733333,986.95,263.4134513
6/13/2024 20:00,1871.666667,1869.435275,292.9216667,986.6,263.4188158
6/13/2024 21:00,1860.766667,1861.0486,293.17,986.9416667,263.4241803
6/13/2024 22:00,1867.383333,1867.304273,293.3,987.5583333,263.3653318
6/13/2024 23:00,1855.733333,1854.611201,293.2483333,988,263.3064833
6/14/2024 0:00,1869.383333,1867.214929,293.2,988.2583333,263.2476348
6/14/2024 1:00,1871.15,1870.527798,293.13,988.875,263.2133689
6/14/2024 2:00,1861.644068,1862.339902,293,989.475,263.1791029
6/14/2024 3:00,1864.118644,1866.30339,292.915,989.2,263.144837
6/14/2024 4:00,1863.7,1863.096306,292.8166667,988.7083333,263.0956607
6/14/2024 5:00,1867.266667,1864.496952,292.8833333,988.6333333,263.0464844
6/14/2024 6:00,1868.35,1863.225991,292.9,988.325,262.9973081
6/14/2024 7:00,1870.366667,1864.93733,292.815,988.3916667,262.9353126
6/14/2024 8:00,1868.866667,1863.211498,292.7483333,988.6166667,262.873317
6/14/2024 9:00,1870.583333,1864.761982,292.7,989.225,262.8113214
6/14/2024 11:00,1862.333333,1860.982394,292.5316667,990.925,262.811945
6/14/2024 12:00,1869.583333,1870.402056,292.4316667,991.3,262.8122568
6/14/2024 13:00,1865.45,1865.035019,292.3316667,991.3333333,262.7814292
6/14/2024 14:00,1856.932203,1855.550968,292.3,991.2833333,262.7506016
6/14/2024 15:00,1866.016667,1863.776071,292.3,990.4416667,262.719774
6/14/2024 16:00,1863.3,1860.218336,292.3,989,262.7985315
6/14/2024 17:00,1862.95,1859.415026,292.4033333,988.4666667,262.877289
6/14/2024 18:00,1856.55,1852.938429,292.6033333,988.025,262.9560465
6/14/2024 19:00,1849.866667,1846.728026,292.8733333,987.8916667,262.9814227
6/14/2024 20:00,1851.433333,1849.365393,293.3066667,988.3583333,263.0067988
6/14/2024 21:00,1851.283333,1849.713763,293.5866667,989.2916667,263.032175
6/14/2024 22:00,1847.661017,1848.590833,293.77,990.075,262.9928817
6/14/2024 23:00,1846.603448,1849.837015,293.9016667,991.125,262.9535884
6/15/2024 0:00,1855.85,1861.034443,293.9316667,991.8333333,262.914295
6/15/2024 1:00,1846.416667,1852.24565,293.8133333,992.25,262.8165588
6/15/2024 2:00,1849.166667,1855.56349,293.665,992.6333333,262.7188225
6/15/2024 3:00,1849.288136,1856.426833,293.565,993.025,262.6210863
6/15/2024 4:00,1836.1,1842.636803,293.45,993.2666667,262.4667337
6/15/2024 7:00,1830.586207,1837.212028,293.5,993.6666667,262.1024189
6/15/2024 8:00,1840.733333,1847.56001,293.5,993.925,262.0468094
6/15/2024 9:00,1850.9,1857.671791,293.4316667,994.3083333,261.9911999
6/15/2024 10:00,1846.266667,1852.871716,293.4,995.1833333,261.8814782
6/15/2024 11:00,1843.716667,1849.893945,293.2966667,996.1583333,261.7717566
6/15/2024 12:00,1839.084746,1844.722926,293.165,996.875,261.6620349
6/15/2024 13:00,1835.183333,1840.659406,293.1,996.9333333,261.5918985
6/15/2024 14:00,1829.966102,1835.202408,293.015,996.725,261.5217621
6/15/2024 15:00,1836.40678,1841.698174,293,996.0416667,261.4516258
6/15/2024 16:00,1832.821429,1838.953262,293.0183333,995.1916667,261.3814614
6/15/2024 17:00,1836.186441,1843.874415,293.2216667,994.5083333,261.3112971
6/15/2024 18:00,1830.578947,1840.021388,293.4883333,994.05,261.2411328
6/15/2024 19:00,1819.982759,1829.679214,293.7883333,994.0833333,261.220061
6/15/2024 20:00,1826.862069,1836.960986,294.1033333,994.3,261.1989893
6/15/2024 21:00,1816.844828,1826.825836,294.3033333,994.625,261.1779175
6/15/2024 22:00,1814.473684,1826.556557,294.47,994.875,261.0865271
6/15/2024 23:00,1825.20339,1839.350699,294.6,995.125,260.9951367
6/16/2024 0:00,1823.666667,1839.496851,294.65,995.6416667,260.9037462
6/16/2024 1:00,1812.684211,1826.770328,294.515,996.0166667,260.8571964
6/16/2024 2:00,1818.053571,1830.659316,294.415,996.1916667,260.8106466
6/16/2024 3:00,1813.54386,1824.595103,294.3133333,995.9416667,260.7640967
6/16/2024 4:00,1819.596491,1829.984758,294.2666667,995.7833333,260.6745449
6/16/2024 5:00,1819.775862,1829.261296,294.165,995.4166667,260.584993
6/16/2024 6:00,1828.775862,1837.406544,294.065,995.3166667,260.4954411
6/16/2024 7:00,1824.627119,1833.34162,294,994.6333333,260.4420338
6/16/2024 8:00,1826.724138,1835.409384,293.8966667,994.6583333,260.3886265
6/16/2024 9:00,1829.457627,1838.07302,293.7816667,995.5833333,260.3352191
6/16/2024 10:00,1830.862069,1839.578867,293.7,996.8372881,260.3355331
6/16/2024 11:00,1822.672414,1831.618054,293.665,997.6166667,260.3358471
6/16/2024 12:00,1829.551724,1838.619651,293.5816667,998.1,260.3361611
6/16/2024 13:00,1826.103448,1835.038934,293.5,998.375,260.3841495
6/16/2024 14:00,1829.084746,1837.900637,293.4133333,998.075,260.4321378
6/16/2024 15:00,1833.534483,1841.944476,293.2483333,997.275,260.4801261
6/16/2024 16:00,1844.396552,1852.048494,293.1483333,996.6083333,260.4197941
6/16/2024 17:00,1846.183333,1853.034386,293.0483333,995.8416667,260.3594622
6/16/2024 18:00,1836.982456,1843.1887,293,995.6916667,260.2991302
6/16/2024 19:00,1835.508475,1841.429405,293,995.9916667,260.2622092
6/16/2024 20:00,1837.916667,1843.496114,292.9816667,996.2666667,260.2252882
6/16/2024 21:00,1834.35,1839.327461,292.8983333,996.8416667,260.1883673
6/16/2024 22:00,1839.983333,1845.477465,292.8,997.225,260.082829
6/16/2024 23:00,1839,1845.229605,292.765,997.3916667,259.9772907
6/17/2024 0:00,1835.155172,1841.996763,292.7,997.3333333,259.8717525
6/17/2024 1:00,1843.101695,1848.593472,292.6133333,997.9083333,259.8415732
6/17/2024 2:00,1836.372881,1840.37163,292.5,997.9583333,259.811394
6/17/2024 3:00,1839.583333,1842.345254,292.4483333,997.575,259.7812148
6/17/2024 4:00,1836.254237,1838.272525,292.4,997.0833333,259.6933361
6/17/2024 5:00,1834.152542,1835.35653,292.3316667,996.7166667,259.6054575
6/17/2024 6:00,1846.566667,1847.099123,292.3,996.1333333,259.5175789
6/17/2024 7:00,1843.683333,1843.576252,292.2316667,996.1333333,259.4897742
6/17/2024 8:00,1851.355932,1850.550929,292.1483333,995.6583333,259.4619695
6/17/2024 9:00,1848.05,1846.488007,292.0483333,996.1666667,259.4341649
6/17/2024 12:00,1841.050847,1843.421199,291.8316667,996.6583333,259.2247053
6/17/2024 13:00,1848.316667,1850.126871,291.8,996.4916667,259.3193871
6/17/2024 14:00,1855.35,1856.58304,291.765,996.1666667,259.4140689
6/17/2024 15:00,1850.448276,1850.983033,291.7,994.9440678,259.5087507
6/17/2024 16:00,1852.366667,1850.896719,291.72,993.4833333,259.5665852
6/17/2024 17:00,1860.716667,1859.000337,292.21,992.55,259.6244197
6/17/2024 18:00,1860.166667,1857.783838,292.5866667,992.275,259.6822542
6/17/2024 19:00,1864.95,1862.473037,292.6816667,992.0333333,259.7520333
6/17/2024 20:00,1863.433333,1859.423328,292.3933333,992.0916667,259.8218124
6/17/2024 21:00,1870.183333,1864.846521,292.165,992.4666667,259.8915914
6/17/2024 22:00,1866.949153,1862.261334,292.1,992.9166667,259.9412948
6/17/2024 23:00,1859.983051,1856.195164,292.1,993.4166667,259.9909981
6/18/2024 0:00,1862.8,1859.890574,292.1,993.8333333,260.0407014
6/18/2024 1:00,1866.6,1863.041561,292.015,994.1416667,259.9861659
6/18/2024 2:00,1864.733333,1860.215315,291.845,993.9083333,259.9316305
6/18/2024 3:00,1866.310345,1860.592184,291.6133333,993.725,259.877095
6/18/2024 4:00,1863.75,1857.42596,291.5,993.7916667,259.8232271
6/18/2024 5:00,1869.85,1863.122888,291.4483333,993.6666667,259.7693593
6/18/2024 6:00,1874.050847,1866.938098,291.4,993.375,259.7154914
6/18/2024 7:00,1876.333333,1869.069453,291.3483333,993.0333333,259.6383199
6/18/2024 8:00,1867.666667,1860.307124,291.3,992.6583333,259.5611483
6/18/2024 9:00,1879.116667,1871.632653,291.265,992.85,259.4839768
6/18/2024 10:00,1873.483333,1865.919329,291.2,993.4416667,259.5268476
6/18/2024 11:00,1879.966667,1872.261046,291.1316667,993.8333333,259.5697184
6/18/2024 12:00,1865.133333,1857.512208,291.1,994.125,259.6125892
6/18/2024 13:00,1865.016949,1856.316246,291.1,994,259.7159115
6/18/2024 14:00,1878.066667,1868.218105,291.1,993.4916667,259.8192338
6/18/2024 15:00,1867.916667,1857.047138,291.1016667,992.4,259.9225561
6/18/2024 16:00,1879.508475,1867.649452,291.2016667,991.1,260.1051986
6/18/2024 17:00,1883.033898,1870.4887,291.37,990.125,260.287841
6/18/2024 18:00,1873.416667,1860.583581,291.62,989.5166667,260.4704834
6/18/2024 19:00,1877.616667,1866.5305,291.8216667,989.4166667,260.5901543
6/18/2024 20:00,1879.283333,1870.143394,292.07,989.3666667,260.7098253
6/18/2024 21:00,1874.433333,1867.339522,292.3366667,989.3333333,260.8294962
6/18/2024 22:00,1883.542373,1877.392518,292.4661017,990.1830508,260.8226358
6/18/2024 23:00,1890.254237,1884.055685,292.3316667,990.85,260.8157753
6/19/2024 0:00,1869.933333,1863.772785,292.1966667,990.9,260.8089149
6/19/2024 1:00,1873.711864,1867.174942,292.0316667,991.1833333,260.8155262
6/19/2024 2:00,1868.883333,1862.497958,291.9983333,991.2166667,260.8221375
6/19/2024 3:00,1877.9,1871.505229,291.935,991.3333333,260.8287488
6/19/2024 4:00,1886.016667,1879.999395,291.95,991.2583333,260.8302186
6/19/2024 5:00,1876.084746,1870.438987,291.9483333,991.1333333,260.8316884
6/19/2024 6:00,1882.816667,1877.313949,291.9,990.8583333,260.8331582
6/19/2024 7:00,1877.766667,1872.152462,291.8483333,991.4083333,260.698686
6/19/2024 8:00,1878.372881,1872.510242,291.765,991.9416667,260.5642138
6/19/2024 9:00,1885.433333,1879.174012,291.6483333,992.4583333,260.4297416
6/19/2024 10:00,1867.55,1862.343187,291.635,993.575,260.4035947
6/19/2024 11:00,1858.966667,1855.387807,291.785,994.4833333,260.3774478
6/19/2024 12:00,1865.716667,1863.156175,291.7816667,995.1166667,260.3513009
6/19/2024 13:00,1867.016667,1865.297422,291.665,995.4583333,260.3558769
6/19/2024 14:00,1863.305085,1862.430992,291.5483333,995.1583333,260.3604528
6/19/2024 15:00,1862.383333,1862.609662,291.5,994.3666667,260.3650288
6/19/2024 16:00,1864.866667,1862.626639,291.5366667,993.5583333,260.3545512
6/19/2024 17:00,1858.633333,1854.748477,291.7866667,993.1166667,260.3440735
6/19/2024 20:00,1854.948276,1854.609654,292.7220339,993.8135593,260.3334523
6/19/2024 21:00,1862.779661,1864.570774,292.9383333,994.35,260.3333805
6/19/2024 22:00,1863.933333,1866.574905,293.1333333,994.8583333,260.3500847
6/20/2024 0:00,1846.783333,1852.89519,294.005,996.25,260.3834931
6/20/2024 1:00,1855.783333,1859.708396,293.0216667,996.7083333,260.2627573
6/20/2024 4:00,1848.85,1853.943043,292.9633333,996.6666667,259.9474477
6/20/2024 5:00,1865.083333,1868.090393,292.8216667,996.3416667,259.8736097
6/20/2024 6:00,1861.633333,1862.4034,292.6516667,995.8083333,259.7997718
6/20/2024 7:00,1863.133333,1864.24889,292.535,995.8083333,259.8387683
6/20/2024 8:00,1864.116667,1865.767243,292.4683333,995.95,259.8777649
6/20/2024 9:00,1868.2,1870.326684,292.385,996.1166667,259.9167614
6/20/2024 10:00,1855.423729,1857.740341,292.3,996.620339,259.9100497
6/20/2024 11:00,1854.533333,1857.00298,292.2016667,997.575,259.903338
6/20/2024 12:00,1856.466667,1859.149804,292.1183333,998.0916667,259.8966263
6/20/2024 13:00,1858.9,1860.534805,292.035,998.075,260.0176112
6/20/2024 14:00,1854.067797,1854.831764,292,997.75,260.1385962
6/20/2024 15:00,1859.7,1859.729568,292,997.1666667,260.2595811
6/20/2024 16:00,1850.169492,1849.425526,292,996.2583333,260.2539304
6/20/2024 17:00,1858.169492,1857.192348,292.145,995.375,260.2482797
6/20/2024 18:00,1859.983333,1859.240391,292.4133333,994.5916667,260.2426291
6/20/2024 19:00,1860.389831,1860.671116,292.695,994.2,260.33963
6/20/2024 20:00,1858.233333,1859.116691,292.865,994.0416667,260.4366309
6/20/2024 21:00,1872.083333,1873.377578,292.9816667,994.3083333,260.5336317
6/20/2024 22:00,1862.316667,1864.241833,293.0833333,994.5166667,260.6199989
6/20/2024 23:00,1860.616667,1862.358292,292.9683333,994.925,260.706366
6/21/2024 0:00,1865.583333,1867.324201,292.9,995.2666667,260.7927332
6/21/2024 1:00,1859.711864,1860.634529,292.8016667,995.225,260.8621057
6/21/2024 2:00,1866.616667,1867.219938,292.8333333,995.1833333,260.9314783
6/21/2024 3:00,1867.683333,1867.471239,292.735,994.7,261.0008508
6/21/2024 4:00,1874.616667,1873.500854,292.6183333,994.425,260.9612048
6/21/2024 5:00,1873.7,1871.745988,292.5183333,994.0083333,260.9215589
6/21/2024 6:00,1872.516667,1869.915786,292.4683333,993.4666667,260.8819129
6/21/2024 7:00,1885.833333,1882.043619,292.2533333,993.1666667,260.8630881
6/21/2024 8:00,1874.166667,1869.421388,292.0866667,993.25,260.8442634
6/21/2024 9:00,1879.55,1873.930211,291.9516667,993.6666667,260.8254386
6/21/2024 10:00,1884.533333,1880.181279,291.835,993.9666667,260.6226942
6/21/2024 11:00,1874.915254,1871.86237,291.7183333,994.4916667,260.4199497
6/21/2024 12:00,1880.762712,1879.357138,291.7,994.775,260.2172053
6/21/2024 13:00,1875.118644,1873.678777,291.57,994.875,260.4220382
6/21/2024 14:00,1880.166667,1878.913087,291.5,994.375,260.6268711
6/21/2024 15:00,1873.152542,1872.359086,291.5,993.35,260.8317041
6/21/2024 16:00,1877.5,1875.235942,291.6133333,992.0833333,261.1636899
6/21/2024 17:00,1881.067797,1877.348087,291.7316667,990.8083333,261.4956758
6/21/2024 18:00,1888.551724,1883.603307,291.9133333,989.7166667,261.8276616
6/21/2024 19:00,1893.883333,1889.915202,292.1283333,989.3,261.8036769
6/21/2024 20:00,1894.133333,1891.300323,292.38,989.275,261.7796922
6/21/2024 21:00,1887.45,1885.56158,292.58,989.8,261.7557075
6/21/2024 22:00,1881.610169,1879.852892,292.7816667,990,261.7170326
6/21/2024 23:00,1888.683333,1885.724445,292.6383333,990.3083333,261.6783576
6/22/2024 0:00,1895.033898,1890.642959,292.4366667,990.375,261.6396826
6/22/2024 1:00,1880.616667,1875.61659,292.3,990.7916667,261.5240765
6/22/2024 2:00,1882.372881,1876.128603,292.0066667,991.05,261.4084704
6/22/2024 3:00,1879.433333,1872.240648,291.7866667,991.1083333,261.2928643
6/22/2024 4:00,1870.683333,1863.506503,291.7483333,990.8916667,261.2396056
6/22/2024 5:00,1879.65,1872.953132,291.85,990.8833333,261.1863469
6/22/2024 6:00,1883.8,1877.089634,291.8166667,990.5833333,261.1330882
6/22/2024 7:00,1897.40678,1890.081582,291.8,990.0833333,261.1262145
6/22/2024 8:00,1882.683333,1875.163942,291.865,989.75,261.1193408
6/22/2024 9:00,1890.583333,1882.665706,291.9,990.025,261.1124671
6/22/2024 10:00,1887,1879.772116,291.8683333,990.7416667,261.0423002
6/22/2024 12:00,1891.322034,1885.029156,291.7,991.7050847,260.9019664
6/22/2024 13:00,1886.133333,1879.848144,291.7,991.7333333,260.9686141
6/22/2024 14:00,1876.633333,1870.370273,291.7,991.3166667,261.0352618
6/22/2024 15:00,1876.542373,1870.080317,291.65,990.8,261.1019094
6/22/2024 16:00,1881.483333,1875.313581,291.715,989.4583333,261.2318137
6/22/2024 17:00,1883.616667,1878.13076,291.88,988.2416667,261.3617179
6/22/2024 18:00,1892.25,1887.631132,292.0966667,987.775,261.4916221
6/22/2024 19:00,1873.3,1868.766768,292.4433333,988.1666667,261.4622523
6/22/2024 20:00,1881.066667,1876.573227,292.795,988.725,261.4328825
6/22/2024 21:00,1874.6,1869.6744,293.0133333,988.675,261.4035127
6/22/2024 22:00,1874.083333,1870.492248,293.2466667,989.05,261.3656781
6/22/2024 23:00,1873.733333,1871.103335,293.3816667,990.0166667,261.3278435
6/23/2024 0:00,1884.566667,1882.257524,293.3516667,990.4166667,261.2900089
6/23/2024 1:00,1869.2,1866.324784,293.285,990.4083333,261.2844289
6/23/2024 2:00,1875.516667,1871.791772,293.1516667,990.5166667,261.2788489
6/23/2024 3:00,1866.35,1861.80783,293.0183333,990.8833333,261.2732689
6/23/2024 4:00,1867.75,1863.078031,293,990.8583333,261.2596981
6/23/2024 5:00,1883.333333,1878.132808,292.8866667,990.85,261.2461272
6/23/2024 6:00,1867.830508,1862.540136,292.8666667,990.7166667,261.2325564
6/23/2024 7:00,1868.483333,1862.552962,292.735,990.8083333,261.1588416
6/23/2024 8:00,1876.2,1870.154825,292.7483333,991.0416667,261.0851268
6/23/2024 9:00,1884.583333,1878.50939,292.785,991.4916667,261.011412
6/23/2024 10:00,1870.816667,1866.870395,292.7,992.175,260.9374038
6/23/2024 11:00,1875.733333,1874.070636,292.6683333,993.125,260.8633956
6/23/2024 12:00,1862.254237,1862.745122,292.6,993.8666667,260.7893874
6/23/2024 13:00,1861.766667,1861.872205,292.5016667,994.1666667,260.825028
6/23/2024 14:00,1872.883333,1872.785758,292.4516667,993.7583333,260.8606686
6/23/2024 15:00,1863.816667,1863.327741,292.3516667,992.9416667,260.8963093
6/23/2024 16:00,1859.883333,1857.531256,292.365,992.0916667,261.0007802
6/23/2024 17:00,1857.8,1854.035529,292.4966667,991.625,261.1052511
6/23/2024 18:00,1860.95,1856.202242,292.745,991.475,261.209722
6/23/2024 19:00,1864.016667,1860.535105,293.0783333,991.625,261.2104293
6/23/2024 20:00,1856.6,1854.339389,293.395,992.0166667,261.2111366
6/23/2024 21:00,1857.95,1856.65157,293.6466667,992.35,261.2118439
6/23/2024 22:00,1860.583333,1862.253984,293.8633333,993.45,261.0023668
6/23/2024 23:00,1860.266667,1864.603129,293.9983333,994.55,260.7928897
6/24/2024 0:00,1847.736842,1854.194222,294,995.3333333,260.5834126
6/24/2024 1:00,1846.516667,1852.524396,293.935,995.9666667,260.3021325
6/24/2024 2:00,1853.4,1858.7254,293.8016667,995.9833333,260.0208524
6/24/2024 3:00,1855.783333,1860.542369,293.7033333,995.4833333,259.7395723
6/24/2024 4:00,1850.816667,1854.492636,293.4533333,995.8166667,259.6601161
6/24/2024 5:00,1853.883333,1856.682304,293.2533333,995.3,259.5806598
6/24/2024 6:00,1853.067797,1855.171495,293.1033333,995.8666667,259.5012036
6/24/2024 7:00,1864.254237,1866.845627,292.9366667,996.7916667,259.4551472
6/24/2024 8:00,1867.983333,1871.049641,292.7683333,996.55,259.4090907
6/24/2024 9:00,1874.6,1877.907297,292.5366667,996.75,259.3630343
6/24/2024 10:00,1863.966667,1866.876984,292.37,998.25,259.2572801
6/24/2024 11:00,1865.65,1868.001219,292.155,998.7166667,259.1515259
6/24/2024 12:00,1853.7,1855.34013,291.9033333,999.9416667,259.0457717
6/24/2024 13:00,1865.166667,1866.724773,291.605,1000.9,258.928328
6/24/2024 14:00,1865.166667,1866.815718,291.355,1000.958333,258.8108842
6/24/2024 15:00,1876.933333,1878.430146,291.0383333,1000.925,258.6934405
6/24/2024 16:00,1871.55,1871.848622,290.755,1000.391667,258.6661225
6/24/2024 17:00,1877.516667,1876.860524,290.535,999.8583333,258.6388044
6/24/2024 18:00,1878.433333,1877.151311,290.4016667,999.7833333,258.6114863
6/24/2024 21:00,1880.083333,1877.382146,290.2,1001.083333,258.6093897
