timestamp,muons,IoPC,IoTPC,dP,dT,alpha,beta
2024-05-07 00:00:00,1896.4333333333334,1891.0778591856285,1893.0148355881877,-7.6842149932862185,3.0854559865535407,-0.0331797600942833,-0.036802284650971816
2024-05-07 01:00:00,1887.7166666666667,1882.5705534668066,1884.4632704243688,-7.417548326619567,3.0286071555656804,-0.0331797600942833,-0.036802284650971816
2024-05-07 02:00:00,1894.15,1889.0442822596237,1890.9078406189433,-7.334214993286196,2.971758324577877,-0.0331797600942833,-0.036802284650971816
2024-05-07 03:00:00,1884.8166666666666,1879.8225823238665,1881.6415509642816,-7.209214993286196,2.9149094935900166,-0.0331797600942833,-0.036802284650971816
2024-05-07 04:00:00,1885.9833333333333,1880.8938605585126,1882.6554665804338,-7.3425483266195215,2.821421422711296,-0.0331797600942833,-0.036802284650971816
2024-05-07 05:00:00,1894.3166666666666,1889.0308961159228,1890.7414730740998,-7.5925483266195215,2.7279333518326325,-0.0331797600942833,-0.036802284650971816
2024-05-07 06:00:00,1898.322033898305,1892.82268776611,1894.4779323657528,-7.8830850497834035,2.634445280953912,-0.0331797600942833,-0.036802284650971816
2024-05-07 07:00:00,1894.5084745762713,1888.8163396005307,1890.4114653262882,-8.176305388766423,2.5441846498475797,-0.0331797600942833,-0.036802284650971816
2024-05-07 08:00:00,1893.9322033898304,1888.2300216438778,1889.768056103627,-8.193254541308875,2.4539240187413043,-0.0331797600942833,-0.036802284650971816
2024-05-07 09:00:00,1893.5333333333333,1888.3192417253701,1889.8007517648591,-7.492548326619499,2.363663387634972,-0.0331797600942833,-0.036802284650971816
2024-05-07 10:00:00,1895.9166666666667,1891.206348608747,1892.6699254145212,-6.75921499328615,2.331499715529901,-0.0331797600942833,-0.036802284650971816
2024-05-07 11:00:00,1891.3898305084747,1887.0896575947472,1888.52989437774,-6.1847799650377056,2.2993360434247734,-0.0331797600942833,-0.036802284650971816
2024-05-07 12:00:00,,,,8.666709602096289e-15,2.2671723713197025,-0.0331797600942833,-0.036802284650971816
2024-05-07 13:00:00,,,,8.666709602096289e-15,2.488905051208974,-0.0331797600942833,-0.036802284650971816
2024-05-07 14:00:00,,,,8.666709602096289e-15,2.7106377310982452,-0.0331797600942833,-0.036802284650971816
2024-05-07 15:00:00,,,,8.666709602096289e-15,2.9323704109875166,-0.0331797600942833,-0.036802284650971816
2024-05-07 16:00:00,1896.7,1890.2477995492013,1892.1885105917179,-9.25921499328615,3.092758756868932,-0.0331797600942833,-0.036802284650971816
2024-05-07 17:00:00,1907.0333333333333,1899.6660505458472,1901.717631278327,-10.51754832661959,3.253147102750404,-0.0331797600942833,-0.036802284650971816
2024-05-07 18:00:00,1894.4333333333334,1886.466637142007,1888.6044651007896,-11.45088165995287,3.4135354486318192,-0.0331797600942833,-0.036802284650971816
2024-05-07 19:00:00,1889.1333333333334,1880.9350916074873,1883.0700434824107,-11.817548326619544,3.418965222951158,-0.0331797600942833,-0.036802284650971816
2024-05-07 20:00:00,,,,8.666709602096289e-15,3.42439499727044,-0.0331797600942833,-0.036802284650971816
2024-05-07 21:00:00,,,,8.666709602096289e-15,3.4298247715897787,-0.0331797600942833,-0.036802284650971816
2024-05-07 22:00:00,1905.7166666666667,1897.6850605943098,1899.7805970565619,-11.475881659952847,3.326275102955151,-0.0331797600942833,-0.036802284650971816
2024-05-07 23:00:00,1910.05,1902.2918116669932,1904.3270060778354,-11.059214993286218,3.2227254343204663,-0.0331797600942833,-0.036802284650971816
2024-05-08 00:00:00,1895.1833333333334,1887.8386705948649,1889.7934723492604,-10.550881659952893,3.1191757656858385,-0.0331797600942833,-0.036802284650971816
2024-05-08 01:00:00,,,,8.666709602096289e-15,3.0341828858757367,-0.0331797600942833,-0.036802284650971816
2024-05-08 02:00:00,1892.9333333333334,1886.308815993786,1888.1555370154786,-9.525881659952915,2.949190006065578,-0.0331797600942833,-0.036802284650971816
2024-05-08 03:00:00,1899.0,1892.7257173019725,1894.5252933659349,-8.992548326619499,2.864197126255476,-0.0331797600942833,-0.036802284650971816
2024-05-08 04:00:00,1898.5166666666667,1892.2439808985869,1894.003313212616,-8.992548326619499,2.800887652133042,-0.0331797600942833,-0.036802284650971816
2024-05-08 05:00:00,1895.45,1888.9846719855611,1890.7012575668207,-9.284214993286241,2.737578178010665,-0.0331797600942833,-0.036802284650971816
2024-05-08 06:00:00,1895.0833333333333,1888.3470457392839,1890.0233497693077,-9.675881659952893,2.674268703888174,-0.0331797600942833,-0.036802284650971816
2024-05-08 07:00:00,1894.7457627118645,1888.028045907171,1889.6930805725174,-9.650881659952915,2.6567468058825057,-0.0331797600942833,-0.036802284650971816
2024-05-08 08:00:00,1895.35,1888.728610169563,1890.3832724581023,-9.50921499328615,2.639224907876894,-0.0331797600942833,-0.036802284650971816
2024-05-08 09:00:00,,,,8.666709602096289e-15,2.6217030098712257,-0.0331797600942833,-0.036802284650971816
2024-05-08 10:00:00,1901.3666666666666,1895.8867838449062,1897.4666179158592,-7.8425483266195215,2.5104116978408797,-0.0331797600942833,-0.036802284650971816
2024-05-08 11:00:00,1884.1833333333334,1879.8249871354672,1881.3219656466306,-6.292548326619567,2.3991203858105905,-0.0331797600942833,-0.036802284650971816
2024-05-08 12:00:00,1888.8333333333333,1885.1174145064165,1886.5489432339082,-5.350881659952847,2.2878290737802445,-0.0331797600942833,-0.036802284650971816
2024-05-08 13:00:00,1881.6,1878.5953094189827,1879.9406849374382,-4.3425483266195215,2.1576528913990387,-0.0331797600942833,-0.036802284650971816
2024-05-08 14:00:00,1892.3833333333334,1889.3498342889848,1890.6212500212298,-4.359214993286173,2.027476709017833,-0.0331797600942833,-0.036802284650971816
2024-05-08 15:00:00,,,,8.666709602096289e-15,1.8973005266366272,-0.0331797600942833,-0.036802284650971816
2024-05-08 16:00:00,,,,8.666709602096289e-15,1.9270878067438844,-0.0331797600942833,-0.036802284650971816
2024-05-08 17:00:00,,,,8.666709602096289e-15,1.9568750868511415,-0.0331797600942833,-0.036802284650971816
2024-05-08 18:00:00,,,,8.666709602096289e-15,1.9866623669583987,-0.0331797600942833,-0.036802284650971816
2024-05-08 19:00:00,,,,8.666709602096289e-15,1.6503311171248924,-0.0331797600942833,-0.036802284650971816
2024-05-08 20:00:00,1868.2166666666667,1866.520882758697,1867.3348296931501,-2.4675483266195215,1.3139998672913293,-0.0331797600942833,-0.036802284650971816
2024-05-08 21:00:00,1883.05,1882.2756921921452,1882.8863790754044,-1.1175483266194988,0.9776686174578231,-0.0331797600942833,-0.036802284650971816
2024-05-08 22:00:00,1871.7,1871.6132911509028,1872.0878699401997,-0.12588165995282452,0.7641241160316099,-0.0331797600942833,-0.036802284650971816
2024-05-08 23:00:00,1872.2333333333333,1872.7553089498608,1873.0974570045894,0.7574516733805012,0.5505796146054536,-0.0331797600942833,-0.036802284650971816
2024-05-09 00:00:00,1875.5166666666667,1876.7416215123897,1876.9515044623106,1.7741183400471527,0.3370351131792404,-0.0331797600942833,-0.036802284650971816
2024-05-09 01:00:00,1873.3333333333333,1875.1951095813577,1875.3637958466152,2.6991183400471073,0.2711068472964939,-0.0331797600942833,-0.036802284650971816
2024-05-09 02:00:00,1864.5833333333333,1867.0604440706236,1867.187553692073,3.6074516733804103,0.2051785814136906,-0.0331797600942833,-0.036802284650971816
2024-05-09 03:00:00,1875.2166666666667,1877.949783224819,1878.0365519940585,3.957451673380433,0.13925031553094414,-0.0331797600942833,-0.036802284650971816
2024-05-09 04:00:00,1869.25,1872.0375731015743,1872.0215689552344,4.04911834004713,-0.025765974203068254,-0.0331797600942833,-0.036802284650971816
2024-05-09 05:00:00,1878.7166666666667,1881.6857047378712,1881.56659573756,4.290785006713804,-0.19078226393708064,-0.0331797600942833,-0.036802284650971816
2024-05-09 06:00:00,1871.0666666666666,1873.6213428304252,1873.4001690658308,3.707451673380433,-0.35579855367109303,-0.0331797600942833,-0.036802284650971816
2024-05-09 07:00:00,1875.2,1877.9100549984885,1877.6668284630562,3.92411834004713,-0.39038313843582273,-0.0331797600942833,-0.036802284650971816
2024-05-09 08:00:00,1882.8166666666666,1885.2139273605292,1884.9481247701262,3.457451673380433,-0.42496772320060927,-0.0331797600942833,-0.036802284650971816
2024-05-09 09:00:00,1875.6333333333334,1878.050246321383,1877.763906143321,3.4991183400471755,-0.45955230796533897,-0.0331797600942833,-0.036802284650971816
2024-05-09 10:00:00,,,,8.666709602096289e-15,-0.29282533080595385,-0.0331797600942833,-0.036802284650971816
2024-05-09 11:00:00,,,,8.666709602096289e-15,-0.1260983536465119,-0.0331797600942833,-0.036802284650971816
2024-05-09 12:00:00,,,,8.666709602096289e-15,0.04062862351287322,-0.0331797600942833,-0.036802284650971816
2024-05-09 13:00:00,,,,8.666709602096289e-15,0.15438096063536477,-0.0331797600942833,-0.036802284650971816
2024-05-09 14:00:00,1885.8833333333334,1888.7768061517531,1888.9448505156286,4.165785006713804,0.2681332977578563,-0.0331797600942833,-0.036802284650971816
2024-05-09 15:00:00,1888.3,1890.7042422442728,1890.9438261701382,3.457451673380433,0.38188563488029104,-0.0331797600942833,-0.036802284650971816
2024-05-09 16:00:00,1882.5666666666666,1884.2584694764319,1884.5328177443778,2.4407850067137815,0.43879017064284653,-0.0331797600942833,-0.036802284650971816
2024-05-09 17:00:00,1905.5,1906.516490672379,1906.8300818264918,1.4491183400471073,0.4956947064054589,-0.0331797600942833,-0.036802284650971816
2024-05-09 18:00:00,1895.7666666666667,1896.2719408157566,1896.6196562434081,0.7241183400470845,0.5525992421680144,-0.0331797600942833,-0.036802284650971816
2024-05-09 19:00:00,,,,8.666709602096289e-15,0.6300456240059589,-0.0331797600942833,-0.036802284650971816
2024-05-09 20:00:00,,,,8.666709602096289e-15,0.7074920058439034,-0.0331797600942833,-0.036802284650971816
2024-05-09 21:00:00,1885.3833333333334,1885.550412817919,1886.0415507915213,0.24078500671384973,0.7849383876818479,-0.0331797600942833,-0.036802284650971816
2024-05-09 22:00:00,1889.9,1890.2471818564686,1890.7650262860316,0.4991183400471755,0.825558752547181,-0.0331797600942833,-0.036802284650971816
2024-05-09 23:00:00,1908.7833333333333,1909.1749698574663,1909.7237382526682,0.5574516733804558,0.8661791174124573,-0.0331797600942833,-0.036802284650971816
2024-05-10 00:00:00,1897.8166666666666,1898.1944100764874,1898.765613143591,0.5407850067138043,0.9067994822777905,-0.0331797600942833,-0.036802284650971816
2024-05-10 01:00:00,1896.65,1896.8122606565616,1897.430513255087,0.23245167338041028,0.9821947143462353,-0.0331797600942833,-0.036802284650971816
2024-05-10 02:00:00,1895.2881355932204,1895.497376086427,1896.1626338374297,0.29996579767430376,1.05758994641468,-0.0331797600942833,-0.036802284650971816
2024-05-10 03:00:00,1894.8333333333333,1894.6351486587102,1895.3475171351845,-0.2842149932862412,1.1329851784831249,-0.0331797600942833,-0.036802284650971816
2024-05-10 04:00:00,1903.3166666666666,1902.7207479897554,1903.4174279131719,-0.8508816599528473,1.1033301950984082,-0.0331797600942833,-0.036802284650971816
2024-05-10 05:00:00,,,,8.666709602096289e-15,1.0736752117136348,-0.0331797600942833,-0.036802284650971816
2024-05-10 06:00:00,1897.5666666666666,1896.216392358306,1896.8733619588934,-1.9342149932862185,1.0440202283289182,-0.0331797600942833,-0.036802284650971816
2024-05-10 07:00:00,1890.6166666666666,1889.421991113009,1890.07098931766,-1.7175483266195215,1.0350628246138172,-0.0331797600942833,-0.036802284650971816
2024-05-10 08:00:00,,,,8.666709602096289e-15,1.026105420898773,-0.0331797600942833,-0.036802284650971816
2024-05-10 09:00:00,,,,8.666709602096289e-15,1.017148017183672,-0.0331797600942833,-0.036802284650971816
2024-05-10 10:00:00,,,,8.666709602096289e-15,1.0740874981743787,-0.0331797600942833,-0.036802284650971816
2024-05-10 11:00:00,,,,8.666709602096289e-15,1.1310269791651422,-0.0331797600942833,-0.036802284650971816
2024-05-10 12:00:00,1898.0666666666666,1898.0660507991665,1898.8143483724627,-0.0008816599528245206,1.1879664601558488,-0.0331797600942833,-0.036802284650971816
2024-05-10 13:00:00,1906.0,1905.7831130059908,1906.5555103316592,-0.3092149932862185,1.2212541498374776,-0.0331797600942833,-0.036802284650971816
2024-05-10 14:00:00,1912.7166666666667,1912.117804898014,1912.913897207247,-0.8508816599528473,1.2545418395191632,-0.0331797600942833,-0.036802284650971816
2024-05-10 15:00:00,,,,8.666709602096289e-15,1.2878295292007351,-0.0331797600942833,-0.036802284650971816
2024-05-10 16:00:00,1910.8333333333333,1909.5146117220802,1910.3954746128302,-1.8758816599528245,1.389990831341379,-0.0331797600942833,-0.036802284650971816
2024-05-10 17:00:00,1909.2,1907.3558700340204,1908.3004214173989,-2.6258816599528245,1.4921521334820227,-0.0331797600942833,-0.036802284650971816
2024-05-10 18:00:00,1906.3,1904.096582065385,1905.1040953810598,-3.1425483266195897,1.5943134356226665,-0.0331797600942833,-0.036802284650971816
2024-05-10 19:00:00,1907.0,1904.451141698323,1905.5232080843973,-3.6342149932861503,1.696119288165562,-0.0331797600942833,-0.036802284650971816
2024-05-10 20:00:00,1879.6,1877.0820072427723,1878.2021094128588,-3.6425483266195897,1.7979251407084575,-0.0331797600942833,-0.036802284650971816
2024-05-10 21:00:00,1867.1666666666667,1864.7282364792309,1865.9039940329117,-3.5508816599528927,1.89973099325141,-0.0331797600942833,-0.036802284650971816
2024-05-10 22:00:00,1854.4166666666667,1852.0800863816748,1853.1988423985288,-3.4258816599528927,1.8199993993881662,-0.0331797600942833,-0.036802284650971816
2024-05-10 23:00:00,1839.5762711864406,1837.4489259820562,1838.510206016754,-3.14410199893598,1.7402678055248657,-0.0331797600942833,-0.036802284650971816
2024-05-11 00:00:00,1825.7833333333333,1824.0309650476454,1825.0362135723187,-2.609214993286173,1.660536211661622,-0.0331797600942833,-0.036802284650971816
2024-05-11 01:00:00,1825.6166666666666,1824.166534064007,1825.1474279087452,-2.1592149932862412,1.6201959609417713,-0.0331797600942833,-0.036802284650971816
2024-05-11 02:00:00,1817.4,1816.0733527179752,1817.0255740000812,-1.984214993286173,1.5798557102218638,-0.0331797600942833,-0.036802284650971816
2024-05-11 03:00:00,1823.3166666666666,1821.9074732997324,1822.838355097607,-2.1008816599528473,1.539515459502013,-0.0331797600942833,-0.036802284650971816
2024-05-11 04:00:00,1823.5593220338983,1821.7902433717832,1822.7101912828377,-2.6373223379189312,1.5215351669321535,-0.0331797600942833,-0.036802284650971816
2024-05-11 05:00:00,1822.1333333333334,1819.9044057219814,1820.8125386746503,-3.32588165995287,1.5035548743622371,-0.0331797600942833,-0.036802284650971816
2024-05-11 06:00:00,1837.4666666666667,1834.780023400791,1835.6846278990786,-3.9758816599528473,1.4855745817923776,-0.0331797600942833,-0.036802284650971816
2024-05-11 07:00:00,1835.85,1832.9520948095576,1833.813380638856,-4.292548326619567,1.4158620143152234,-0.0331797600942833,-0.036802284650971816
2024-05-11 08:00:00,1848.0333333333333,1845.0935619536128,1845.9178555089,-4.32588165995287,1.3461494468380124,-0.0331797600942833,-0.036802284650971816
2024-05-11 09:00:00,1849.5666666666666,1846.9586230197744,1847.7410101903733,-3.8342149932861957,1.2764368793608583,-0.0331797600942833,-0.036802284650971816
2024-05-11 10:00:00,1843.0677966101696,1840.868664274168,1841.614181631438,-3.244101998936003,1.2203201623959217,-0.0331797600942833,-0.036802284650971816
2024-05-11 11:00:00,1845.15,1843.4638464354207,1844.176077035815,-2.484214993286173,1.1642034454309282,-0.0331797600942833,-0.036802284650971816
2024-05-11 12:00:00,1842.1166666666666,1840.7493955625569,1841.4262908653122,-2.0175483266195897,1.1080867284659348,-0.0331797600942833,-0.036802284650971816
2024-05-11 13:00:00,1852.9,1851.7177995634827,1852.419274521033,-1.734214993286173,1.141515679249892,-0.0331797600942833,-0.036802284650971816
2024-05-11 14:00:00,,,,8.666709602096289e-15,1.1749446300337922,-0.0331797600942833,-0.036802284650971816
2024-05-11 15:00:00,,,,8.666709602096289e-15,1.2083735808176925,-0.0331797600942833,-0.036802284650971816
2024-05-11 16:00:00,,,,8.666709602096289e-15,1.3365389970090291,-0.0331797600942833,-0.036802284650971816
2024-05-11 17:00:00,,,,8.666709602096289e-15,1.4647044132003089,-0.0331797600942833,-0.036802284650971816
2024-05-11 18:00:00,1857.9333333333334,1854.7332046645715,1855.7137095108924,-4.6842149932862185,1.5928698293916455,-0.0331797600942833,-0.036802284650971816
2024-05-11 19:00:00,1847.35,1844.0493322286786,1845.0252176462993,-4.859214993286173,1.594550070568232,-0.0331797600942833,-0.036802284650971816
2024-05-11 20:00:00,1851.4833333333333,1848.447368835992,1849.426612784227,-4.459214993286196,1.5962303117448755,-0.0331797600942833,-0.036802284650971816
2024-05-11 21:00:00,1850.95,1847.9262446509822,1848.906243290445,-4.442548326619544,1.5979105529214621,-0.0331797600942833,-0.036802284650971816
2024-05-11 22:00:00,1846.4745762711864,1843.6445193981199,1844.5569256752378,-4.167830812495254,1.4911811109653854,-0.0331797600942833,-0.036802284650971816
2024-05-11 23:00:00,1843.7333333333333,1841.1617478571884,1842.0076940421643,-3.792548326619567,1.3844516690093656,-0.0331797600942833,-0.036802284650971816
2024-05-12 00:00:00,1835.0833333333333,1832.664320225825,1833.4414341271001,-3.5842149932861957,1.2777222270532889,-0.0331797600942833,-0.036802284650971816
2024-05-12 01:00:00,1835.1166666666666,1832.5683398816695,1833.3097779328532,-3.7758816599529155,1.2191400796725702,-0.0331797600942833,-0.036802284650971816
2024-05-12 02:00:00,1840.3,1837.72193114154,1838.4297196115708,-3.8092149932862185,1.1605579322918516,-0.0331797600942833,-0.036802284650971816
2024-05-12 03:00:00,1835.2666666666667,1832.538278505335,1833.2084373388882,-4.042548326619567,1.101975784911133,-0.0331797600942833,-0.036802284650971816
2024-05-12 04:00:00,1843.4666666666667,1840.539804406303,1841.2137599837424,-4.317548326619544,1.1034008515205755,-0.0331797600942833,-0.036802284650971816
2024-05-12 05:00:00,1857.4833333333333,1854.4944041734936,1855.1743467342383,-4.3758816599528245,1.104825918130075,-0.0331797600942833,-0.036802284650971816
2024-05-12 06:00:00,1876.5166666666667,1873.2845298215648,1873.9722477797088,-4.6842149932862185,1.1062509847395177,-0.0331797600942833,-0.036802284650971816
2024-05-12 07:00:00,1860.1833333333334,1856.8654309251742,1857.5081748654109,-4.850881659952847,1.0430596964282586,-0.0331797600942833,-0.036802284650971816
2024-05-12 08:00:00,1859.9,1856.4971968199582,1857.1008755796515,-4.975881659952847,0.979868408116829,-0.0331797600942833,-0.036802284650971816
2024-05-12 09:00:00,1857.1333333333334,1853.8322418774885,1854.3961730625676,-4.834214993286196,0.916677119805513,-0.0331797600942833,-0.036802284650971816
2024-05-12 10:00:00,1859.864406779661,1857.0381529681445,1857.5874298681633,-4.13223759215623,0.891318758960324,-0.0331797600942833,-0.036802284650971816
2024-05-12 11:00:00,1869.6666666666667,1867.3280516615655,1867.8646561331377,-3.4008816599529155,0.8659603981151349,-0.0331797600942833,-0.036802284650971816
2024-05-12 12:00:00,1858.4,1856.4341282496323,1856.951978021711,-2.8758816599528245,0.8406020372699459,-0.0331797600942833,-0.036802284650971816
2024-05-12 13:00:00,1867.3,1865.479178430414,1866.003771898608,-2.6508816599529155,0.8474189552906637,-0.0331797600942833,-0.036802284650971816
2024-05-12 14:00:00,1859.25,1857.3743676847332,1857.9008842544044,-2.7425483266194988,0.8542358733113247,-0.0331797600942833,-0.036802284650971816
2024-05-12 15:00:00,1861.0677966101696,1858.9828519404498,1859.514030385882,-3.0457969141900776,0.8610527913320425,-0.0331797600942833,-0.036802284650971816
2024-05-12 16:00:00,1864.3333333333333,1861.7729836902797,1862.2498912057508,-3.734214993286173,0.7719311792035342,-0.0331797600942833,-0.036802284650971816
2024-05-12 17:00:00,1876.7833333333333,1873.8610421361336,1874.2856220239403,-4.234214993286173,0.6828095670751964,-0.0331797600942833,-0.036802284650971816
2024-05-12 18:00:00,1874.05,1871.24673821125,1871.6153806334387,-4.067548326619544,0.5936879549467449,-0.0331797600942833,-0.036802284650971816
2024-05-12 19:00:00,1872.3333333333333,1869.8365443219855,1870.161642596243,-3.6258816599528245,0.5239622852775483,-0.0331797600942833,-0.036802284650971816
2024-05-12 20:00:00,1857.65,1855.3491758957757,1855.628825213616,-3.3675483266194988,0.45423661560840856,-0.0331797600942833,-0.036802284650971816
2024-05-12 21:00:00,1872.2666666666667,1870.2345039473655,1870.4731233300945,-2.95088165995287,0.384510945939212,-0.0331797600942833,-0.036802284650971816
2024-05-12 22:00:00,1862.0666666666666,1860.3764651256784,1860.5631725630303,-2.4675483266195215,0.30245846779968133,-0.0331797600942833,-0.036802284650971816
2024-05-12 23:00:00,1857.3666666666666,1856.2157725520742,1856.3515229067093,-1.6842149932862185,0.22040598966015068,-0.0331797600942833,-0.036802284650971816
2024-05-13 00:00:00,1857.1166666666666,1856.4668894924348,1856.5521132353726,-0.95088165995287,0.13835351152062003,-0.0331797600942833,-0.036802284650971816
2024-05-13 01:00:00,1857.5833333333333,1857.2979054049515,1857.2625653547407,-0.417548326619567,-0.057347763236236915,-0.0331797600942833,-0.036802284650971816
2024-05-13 02:00:00,1854.3666666666666,1854.3490038300909,1854.193317251105,-0.02588165995291547,-0.253049037993037,-0.0331797600942833,-0.036802284650971816
2024-05-13 03:00:00,1871.05,1871.4740709227722,1871.1954398874952,0.6157850067138497,-0.44875031274989396,-0.0331797600942833,-0.036802284650971816
2024-05-13 04:00:00,1860.25,1860.8656513056974,1860.5024755874213,0.8991183400471527,-0.5882621772643688,-0.0331797600942833,-0.036802284650971816
2024-05-13 05:00:00,1865.4666666666667,1866.0039239704165,1865.553387532501,0.7824516733804785,-0.7277740417788436,-0.0331797600942833,-0.036802284650971816
2024-05-13 06:00:00,1871.2,1871.8020534902078,1871.2634948913535,0.8741183400471755,-0.8672859062933185,-0.0331797600942833,-0.036802284650971816
2024-05-13 07:00:00,1880.5166666666667,1881.0236450915709,1880.3759847831382,0.7324516733804103,-1.0378977327633265,-0.0331797600942833,-0.036802284650971816
2024-05-13 08:00:00,1876.3166666666666,1876.926122685695,1876.1736626455472,0.8824516733805012,-1.2085095592333346,-0.0331797600942833,-0.036802284650971816
2024-05-13 09:00:00,1879.8666666666666,1881.0944626247472,1880.233891085321,1.7741183400471527,-1.3791213857033426,-0.0331797600942833,-0.036802284650971816
2024-05-13 10:00:00,1881.5,1883.329460782691,1882.4299073095315,2.640785006713827,-1.439896187890838,-0.0331797600942833,-0.036802284650971816
2024-05-13 11:00:00,1874.85,1877.3234775411045,1876.388955125632,3.582451673380433,-1.5006709900782766,-0.0331797600942833,-0.036802284650971816
2024-05-13 12:00:00,1883.7166666666667,1886.4968852999323,1885.519774642749,4.007451673380501,-1.5614457922657152,-0.0331797600942833,-0.036802284650971816
2024-05-13 13:00:00,1877.6833333333334,1880.7891679537693,1879.7555005644695,4.49078500671385,-1.6568638730525436,-0.0331797600942833,-0.036802284650971816
2024-05-13 14:00:00,1883.7833333333333,1886.9397662162467,1885.843012731353,4.54911834004713,-1.752281953839315,-0.0331797600942833,-0.036802284650971816
2024-05-13 15:00:00,,,,8.666709602096289e-15,-1.8477000346261434,-0.0331797600942833,-0.036802284650971816
2024-05-13 16:00:00,1886.85,1889.4957625482486,1888.3543366397269,3.8074516733804558,-1.8212089329256287,-0.0331797600942833,-0.036802284650971816
2024-05-13 17:00:00,1878.5166666666667,1880.914220953096,1879.7945017969366,3.4657850067137588,-1.7947178312250571,-0.0331797600942833,-0.036802284650971816
2024-05-13 18:00:00,,,,8.666709602096289e-15,-1.7682267295245424,-0.0331797600942833,-0.036802284650971816
2024-05-13 19:00:00,1879.4333333333334,1882.028292331252,1880.8843525591187,3.7491183400471755,-1.8324654320164768,-0.0331797600942833,-0.036802284650971816
2024-05-13 20:00:00,,,,8.666709602096289e-15,-1.896704134508468,-0.0331797600942833,-0.036802284650971816
2024-05-13 21:00:00,1856.949152542373,1860.2509125468234,1859.0409597564799,4.827084441742045,-1.9609428370003457,-0.0331797600942833,-0.036802284650971816
2024-05-13 22:00:00,1866.457627118644,1870.0515621436243,1868.7977234324094,5.227084441742022,-2.021438279886297,-0.0331797600942833,-0.036802284650971816
2024-05-13 23:00:00,1853.4833333333333,1857.6825454874477,1856.3997375175093,6.149118340047153,-2.081933722772135,-0.0331797600942833,-0.036802284650971816
2024-05-14 00:00:00,1858.2166666666667,1862.8493234414675,1861.5255822254314,6.765785006713827,-2.142429165658143,-0.0331797600942833,-0.036802284650971816
2024-05-14 01:00:00,1860.1333333333334,1865.0052616278463,1863.6047486257287,7.10745167338041,-2.264107057399883,-0.0331797600942833,-0.036802284650971816
2024-05-14 02:00:00,1851.6666666666667,1856.7555692348392,1855.2863473480818,7.457451673380433,-2.38578494914168,-0.0331797600942833,-0.036802284650971816
2024-05-14 03:00:00,1856.8,1862.017217727052,1860.4687192152908,7.6241183400471755,-2.50746284088342,-0.0331797600942833,-0.036802284650971816
2024-05-14 04:00:00,,,,8.666709602096289e-15,-2.6271500783506667,-0.0331797600942833,-0.036802284650971816
2024-05-14 05:00:00,,,,8.666709602096289e-15,-2.7468373158178565,-0.0331797600942833,-0.036802284650971816
2024-05-14 06:00:00,1859.084745762712,1864.135991925302,1862.363843938674,7.372847153606472,-2.866524553285103,-0.0331797600942833,-0.036802284650971816
2024-05-14 07:00:00,1856.5,1861.579349001103,1859.7484015153443,7.42411834004713,-2.9657514806174277,-0.0331797600942833,-0.036802284650971816
2024-05-14 08:00:00,1865.8135593220338,1871.0919920501717,1869.1901476101161,7.676236984114894,-3.064978407949752,-0.0331797600942833,-0.036802284650971816
2024-05-14 09:00:00,1866.0333333333333,1871.764368062743,1869.8002792683278,8.332451673380433,-3.1642053352820767,-0.0331797600942833,-0.036802284650971816
2024-05-14 10:00:00,,,,8.666709602096289e-15,-3.153089085106103,-0.0331797600942833,-0.036802284650971816
2024-05-14 11:00:00,1858.4833333333333,1865.4150642694078,1863.47138415755,10.11578500671385,-3.1419728349300726,-0.0331797600942833,-0.036802284650971816
2024-05-14 12:00:00,1851.1166666666666,1858.3229551971037,1856.3935117570395,10.557451673380456,-3.130856584754099,-0.0331797600942833,-0.036802284650971816
2024-05-14 13:00:00,1858.35,1865.8991554590784,1864.0047306033318,11.015785006713827,-3.0615160026499666,-0.0331797600942833,-0.036802284650971816
2024-05-14 14:00:00,1857.85,1865.214064294691,1863.3632049801013,10.749118340047175,-2.992175420545891,-0.0331797600942833,-0.036802284650971816
2024-05-14 15:00:00,1871.5666666666666,1878.4262134822243,1876.6054183365793,9.940785006713782,-2.9228348384417586,-0.0331797600942833,-0.036802284650971816
2024-05-14 16:00:00,1866.05,1872.3092850516591,1870.516560262083,9.099118340047085,-2.8871595964658354,-0.0331797600942833,-0.036802284650971816
2024-05-14 17:00:00,1884.6166666666666,1890.3294079445116,1888.5417834571917,8.224118340047085,-2.8514843544898554,-0.0331797600942833,-0.036802284650971816
2024-05-14 18:00:00,1886.0333333333333,1891.4951100722776,1889.728751728168,7.85745167338041,-2.815809112513932,-0.0331797600942833,-0.036802284650971816
2024-05-14 19:00:00,1874.8,1880.0159015672834,1878.2956300185024,7.54911834004713,-2.759059171838487,-0.0331797600942833,-0.036802284650971816
2024-05-14 20:00:00,1878.6,1883.768700209632,1882.0804330252117,7.465785006713759,-2.7023092311629853,-0.0331797600942833,-0.036802284650971816
2024-05-14 21:00:00,1875.6,1880.858505091829,1879.2082302835793,7.60745167338041,-2.6455592904875402,-0.0331797600942833,-0.036802284650971816
2024-05-14 22:00:00,1877.2833333333333,1882.7313189880897,1881.0857053156446,7.8741183400471755,-2.6354584067393034,-0.0331797600942833,-0.036802284650971816
2024-05-14 23:00:00,1864.7666666666667,1870.5683876292069,1868.9396686922632,8.440785006713782,-2.6253575229910098,-0.0331797600942833,-0.036802284650971816
2024-05-15 00:00:00,1879.8833333333334,1885.9923508894813,1884.356517497872,8.815785006713782,-2.615256639242773,-0.0331797600942833,-0.036802284650971816
2024-05-15 01:00:00,1856.2166666666667,1862.1688193564694,1860.602990875079,8.699118340047107,-2.5353303271138543,-0.0331797600942833,-0.036802284650971816
2024-05-15 02:00:00,1858.4,1864.30769497924,1862.7894673238009,8.624118340047175,-2.4554040149849357,-0.0331797600942833,-0.036802284650971816
2024-05-15 03:00:00,1864.5166666666667,1870.2545149212729,1868.7810025979713,8.349118340047085,-2.375477702856074,-0.0331797600942833,-0.036802284650971816
2024-05-15 04:00:00,1854.3666666666666,1859.788072319631,1858.3137289906338,7.932451673380456,-2.3901993799751153,-0.0331797600942833,-0.036802284650971816
2024-05-15 05:00:00,1868.1833333333334,1873.4555181745568,1871.9611961686992,7.6574516733804785,-2.4049210570941,-0.0331797600942833,-0.036802284650971816
2024-05-15 06:00:00,1857.5333333333333,1862.3870285090259,1860.8924452795266,7.090785006713759,-2.4196427342131415,-0.0331797600942833,-0.036802284650971816
2024-05-15 07:00:00,1866.45,1871.0974446209268,1869.5899557689452,6.757451673380501,-2.42917873113322,-0.0331797600942833,-0.036802284650971816
2024-05-15 08:00:00,1861.45,1865.7759773921855,1864.266877303055,6.307451673380456,-2.4387147280532417,-0.0331797600942833,-0.036802284650971816
2024-05-15 09:00:00,1856.2711864406779,1860.6902598652607,1859.1793907775611,6.460982746826858,-2.4482507249733203,-0.0331797600942833,-0.036802284650971816
2024-05-15 10:00:00,1864.4333333333334,1869.018435468712,1867.5196369044534,6.67411834004713,-2.4178571247028344,-0.0331797600942833,-0.036802284650971816
2024-05-15 11:00:00,1875.3166666666666,1879.8824103963457,1878.3938424322512,6.60745167338041,-2.3874635244324054,-0.0331797600942833,-0.036802284650971816
2024-05-15 12:00:00,1868.0333333333333,1872.6043165780786,1871.1403811713458,6.640785006713827,-2.3570699241619195,-0.0331797600942833,-0.036802284650971816
2024-05-15 13:00:00,1869.2666666666667,1873.978596127114,1872.6092165466519,6.840785006713759,-2.2031532374347194,-0.0331797600942833,-0.036802284650971816
2024-05-15 14:00:00,1868.4333333333334,1872.718105402572,1871.445217651491,6.2241183400470845,-2.049236550707519,-0.0331797600942833,-0.036802284650971816
2024-05-15 15:00:00,1863.4166666666667,1867.2489351418178,1866.0750612930592,5.582451673380433,-1.895319863980319,-0.0331797600942833,-0.036802284650971816
2024-05-15 16:00:00,1883.9333333333334,1887.1478927942962,1885.9871422106203,4.632451673380501,-1.8543569242397098,-0.0331797600942833,-0.036802284650971816
2024-05-15 17:00:00,1887.2166666666667,1889.7354369916327,1888.5987633927482,3.6241183400471755,-1.8133939844991573,-0.0331797600942833,-0.036802284650971816
2024-05-15 18:00:00,1879.0833333333333,1881.077737750215,1879.9718230320877,2.8824516733805012,-1.772431044758548,-0.0331797600942833,-0.036802284650971816
2024-05-15 19:00:00,1888.5333333333333,1890.2362952723568,1889.1828137833197,2.4491183400471073,-1.680190867152362,-0.0331797600942833,-0.036802284650971816
2024-05-15 20:00:00,1890.2166666666667,1891.486027696145,1890.489707380093,1.8241183400471073,-1.587950689546176,-0.0331797600942833,-0.036802284650971816
2024-05-15 21:00:00,1877.4333333333334,1878.4463736350663,1877.5143823983917,1.4657850067137588,-1.4957105119400467,-0.0331797600942833,-0.036802284650971816
2024-05-15 22:00:00,1883.45,1884.6801363379923,1883.7944707348297,1.7741183400471527,-1.4166447193083513,-0.0331797600942833,-0.036802284650971816
2024-05-15 23:00:00,1878.3166666666666,1879.3993485214498,1878.5654458524282,1.5657850067137815,-1.3375789266765423,-0.0331797600942833,-0.036802284650971816
2024-05-16 00:00:00,1882.65,1883.4925551068702,1882.7062262200313,1.2157850067137588,-1.2585131340449038,-0.0331797600942833,-0.036802284650971816
2024-05-16 01:00:00,1885.45,1886.392155662589,1885.663169020895,1.3574516733804103,-1.164925832074573,-0.0331797600942833,-0.036802284650971816
2024-05-16 02:00:00,1887.7166666666667,1888.3877388425549,1887.7165975634036,0.9657850067137588,-1.0713385301041853,-0.0331797600942833,-0.036802284650971816
2024-05-16 03:00:00,1884.5333333333333,1884.9199943395306,1884.308596233716,0.5574516733804558,-0.9777512281338545,-0.0331797600942833,-0.036802284650971816
2024-05-16 04:00:00,1891.9166666666667,1892.0262984924145,1891.3776731491228,0.1574516733804785,-1.0333988086272257,-0.0331797600942833,-0.036802284650971816
2024-05-16 05:00:00,1887.45,1887.1657705522766,1886.483979638051,-0.4092149932862412,-1.08904638912054,-0.0331797600942833,-0.036802284650971816
2024-05-16 06:00:00,1883.8666666666666,1883.2883892020375,1882.573239447368,-0.8342149932861957,-1.1446939696139111,-0.0331797600942833,-0.036802284650971816
2024-05-16 07:00:00,1895.55,1894.805418471153,1894.0689115653506,-1.0675483266195442,-1.1717187568451664,-0.0331797600942833,-0.036802284650971816
2024-05-16 08:00:00,1885.75,1885.0555169593306,1884.3059036261227,-1.0008816599528245,-1.1987435440764784,-0.0331797600942833,-0.036802284650971816
2024-05-16 09:00:00,1885.6666666666667,1885.2555016773606,1884.4889109832657,-0.5925483266195215,-1.2257683313077337,-0.0331797600942833,-0.036802284650971816
2024-05-16 10:00:00,1893.0338983050847,1892.9476770849624,1892.1766840439127,-0.12376301588506067,-1.2277984064000407,-0.0331797600942833,-0.036802284650971816
2024-05-16 11:00:00,1898.6333333333334,1898.9646478967761,1898.189925586073,0.47411834004708453,-1.2298284814924045,-0.0331797600942833,-0.036802284650971816
2024-05-16 12:00:00,1884.4333333333334,1885.1263638140288,1884.3560178667622,0.9991183400471755,-1.2318585565847116,-0.0331797600942833,-0.036802284650971816
2024-05-16 13:00:00,1891.8833333333334,1892.8577291178099,1892.0743823893226,1.3991183400471527,-1.2475348891722433,-0.0331797600942833,-0.036802284650971816
2024-05-16 14:00:00,1881.35,1882.1342500569058,1881.345555570813,1.1324516733805012,-1.2632112217597182,-0.0331797600942833,-0.036802284650971816
2024-05-16 15:00:00,1898.0,1898.3661358298177,1897.560769551158,0.5241183400471527,-1.27888755434725,-0.0331797600942833,-0.036802284650971816
2024-05-16 16:00:00,1896.9833333333333,1896.895453202121,1896.1708974912121,-0.12588165995282452,-1.1514314925412918,-0.0331797600942833,-0.036802284650971816
2024-05-16 17:00:00,1895.2166666666667,1894.5361279811427,1893.8925637547668,-0.9758816599528473,-1.0239754307352769,-0.0331797600942833,-0.036802284650971816
2024-05-16 18:00:00,,,,8.666709602096289e-15,-0.8965193689293187,-0.0331797600942833,-0.036802284650971816
2024-05-16 19:00:00,,,,8.666709602096289e-15,-0.9146056879357616,-0.0331797600942833,-0.036802284650971816
2024-05-16 20:00:00,,,,8.666709602096289e-15,-0.9326920069422613,-0.0331797600942833,-0.036802284650971816
2024-05-16 21:00:00,1904.3833333333334,1903.448469520532,1902.8480910118321,-1.3342149932861957,-0.9507783259487042,-0.0331797600942833,-0.036802284650971816
2024-05-16 22:00:00,1898.4833333333333,1897.7958013683913,1897.1431324647453,-0.984214993286173,-1.0366804004741539,-0.0331797600942833,-0.036802284650971816
2024-05-16 23:00:00,1905.35,1905.1039733388172,1904.3945110690345,-0.35088165995284726,-1.1225824749996036,-0.0331797600942833,-0.036802284650971816
2024-05-17 00:00:00,1891.5166666666667,1891.736504125261,1890.978122292014,0.3157850067137815,-1.2084845495250534,-0.0331797600942833,-0.036802284650971816
2024-05-17 01:00:00,1887.8333333333333,1888.4349469842,1887.7163948104878,0.8657850067138497,-1.1470059614695742,-0.0331797600942833,-0.036802284650971816
2024-05-17 02:00:00,1890.6166666666666,1891.4627871498333,1890.7816514965227,1.2157850067137588,-1.085527373414095,-0.0331797600942833,-0.036802284650971816
2024-05-17 03:00:00,1896.6666666666667,1897.3991101410875,1896.754527209428,1.04911834004713,-1.024048785358616,-0.0331797600942833,-0.036802284650971816
2024-05-17 04:00:00,1887.1333333333334,1887.925784190987,1887.201187263199,1.140785006713827,-1.1569688990450686,-0.0331797600942833,-0.036802284650971816
2024-05-17 05:00:00,1884.9333333333334,1885.4530672653543,1884.6462997933843,0.7491183400471755,-1.2898890127314644,-0.0331797600942833,-0.036802284650971816
2024-05-17 06:00:00,1879.6166666666666,1879.961959435481,1879.0746676978129,0.4991183400471755,-1.422809126417917,-0.0331797600942833,-0.036802284650971816
2024-05-17 07:00:00,1895.6166666666666,1895.9939721861915,1895.0820559159656,0.5407850067138043,-1.4499373349432858,-0.0331797600942833,-0.036802284650971816
2024-05-17 08:00:00,1897.65,1898.0684575313996,1897.1384671343585,0.5991183400470845,-1.477065543468541,-0.0331797600942833,-0.036802284650971816
2024-05-17 09:00:00,1886.4833333333333,1887.009281826747,1886.067733345275,0.7574516733805012,-1.5041937519939665,-0.0331797600942833,-0.036802284650971816
2024-05-17 10:00:00,1886.5333333333333,1887.5281286270645,1886.5609824040544,1.4324516733804558,-1.5446737047672627,-0.0331797600942833,-0.036802284650971816
2024-05-17 11:00:00,1903.6833333333334,1905.137013226618,1904.1352695269895,2.0741183400471073,-1.585153657540559,-0.0331797600942833,-0.036802284650971816
2024-05-17 12:00:00,,,,8.666709602096289e-15,-1.6256336103138551,-0.0331797600942833,-0.036802284650971816
2024-05-17 13:00:00,1903.3333333333333,1905.5229434868847,1904.4965821168114,3.1241183400471755,-1.6237899946852394,-0.0331797600942833,-0.036802284650971816
2024-05-17 14:00:00,1890.1,1892.2105508104194,1891.1925166771925,3.0324516733804785,-1.621946379056567,-0.0331797600942833,-0.036802284650971816
2024-05-17 15:00:00,1886.1666666666667,1887.971714124827,1886.9571148064008,2.5991183400470845,-1.6201027634279512,-0.0331797600942833,-0.036802284650971816
2024-05-17 16:00:00,1882.1,1883.5949648296767,1882.5801295783822,2.1574516733804785,-1.624245985455616,-0.0331797600942833,-0.036802284650971816
2024-05-17 17:00:00,1889.2166666666667,1890.2940368394932,1889.2729950843925,1.54911834004713,-1.6283892074832238,-0.0331797600942833,-0.036802284650971816
2024-05-17 18:00:00,1883.0,1884.0276000589165,1883.0073545248115,1.4824516733804103,-1.6325324295108885,-0.0331797600942833,-0.036802284650971816
2024-05-17 19:00:00,1892.4666666666667,1893.6852689874177,1892.6510367302799,1.7491183400471755,-1.646476961653491,-0.0331797600942833,-0.036802284650971816
2024-05-17 20:00:00,,,,8.666709602096289e-15,-1.6604214937960364,-0.0331797600942833,-0.036802284650971816
2024-05-17 21:00:00,,,,8.666709602096289e-15,-1.6743660259386388,-0.0331797600942833,-0.036802284650971816
2024-05-17 22:00:00,1878.5333333333333,1880.9539832178968,1879.9216357147684,3.4991183400471755,-1.654602614496298,-0.0331797600942833,-0.036802284650971816
2024-05-17 23:00:00,1881.2166666666667,1884.0798665561158,1883.0581514592366,4.132451673380501,-1.634839203054014,-0.0331797600942833,-0.036802284650971816
