timestamp,Ps,Ts,TMP_MSS
2024-05-06 00:00:00,998.2658171015626,297.0637347523967,263.1620022839919
2024-05-06 01:00:00,998.4810850989584,297.02293424899364,263.16595267977493
2024-05-06 02:00:00,998.6963530963542,296.98213374559055,263.16990307555795
2024-05-06 03:00:00,998.91162109375,296.94133324218745,263.173853471341
2024-05-06 04:00:00,998.394687849866,297.16696980393783,263.10083628840573
2024-05-06 05:00:00,997.8777546059822,297.3926063656882,263.02781910547054
2024-05-06 06:00:00,997.3608213620982,297.6182429274386,262.9548019225353
2024-05-06 07:00:00,997.2439593829316,297.69443996004,262.9386139600309
2024-05-06 08:00:00,997.1270974037649,297.7706369926413,262.92242599752655
2024-05-06 09:00:00,997.0102354245982,297.8468340252427,262.90623803502217
2024-05-06 10:00:00,997.7967232622321,298.11778086463255,262.85203859543134
2024-05-06 11:00:00,998.583211099866,298.3887277040225,262.79783915584045
2024-05-06 12:00:00,999.3696989375,298.65967454341234,262.7436397162496
2024-05-06 13:00:00,998.3141477860639,301.0927175217308,262.92060175200106
2024-05-06 14:00:00,997.258596634628,303.5257605000492,263.0975637877525
2024-05-06 15:00:00,996.203045483192,305.95880347836766,263.27452582350395
2024-05-06 16:00:00,995.6790881710864,306.42632220748504,263.46980464888554
2024-05-06 17:00:00,995.1551308589808,306.89384093660243,263.6650834742672
2024-05-06 18:00:00,994.6311735468752,307.3613596657198,263.8603622996488
2024-05-06 19:00:00,994.4865202265627,305.39854785411734,263.86643649566247
2024-05-06 20:00:00,994.3418669062501,303.4357360425148,263.87251069167615
2024-05-06 21:00:00,994.1972135859376,301.4729242309123,263.87858488768984
2024-05-06 22:00:00,994.2444863277307,301.72212339167544,263.79165815205835
2024-05-06 23:00:00,994.2917590695239,301.97132255243855,263.7047314164268
2024-05-07 00:00:00,994.339031811317,302.22052171320166,263.6178046807953
2024-05-07 01:00:00,995.3373493325447,301.92411862781154,263.56095584980744
2024-05-07 02:00:00,996.3356668537723,301.62771554242136,263.50410701881964
2024-05-07 03:00:00,997.333984375,301.33131245703123,263.4472581878318
2024-05-07 04:00:00,996.4188781167932,300.80451906515344,263.35377011695306
2024-05-07 05:00:00,995.5037718585864,300.2777256732756,263.2602820460744
2024-05-07 06:00:00,994.5886656003796,299.7509322813978,263.1667939751957
2024-05-07 07:00:00,995.7699001498587,299.4077438712909,263.07653334408934
2024-05-07 08:00:00,996.9511346993379,299.06455546118394,262.98627271298307
2024-05-07 09:00:00,998.132369248817,298.72136705107704,262.89601208187673
2024-05-07 10:00:00,997.3690220691294,298.96252811427735,262.86384840977166
2024-05-07 11:00:00,996.605674889442,299.2036891774777,262.83168473766654
2024-05-07 12:00:00,995.8423277097544,299.444850240678,262.79952106556146
2024-05-07 13:00:00,995.8981403481696,302.25455738305897,263.02125374545074
2024-05-07 14:00:00,995.9539529865848,305.06426452543997,263.24298642534
2024-05-07 15:00:00,996.009765625,307.8739716678209,263.4647191052293
2024-05-07 16:00:00,994.6804747964807,308.51528633448754,263.6251074511107
2024-05-07 17:00:00,993.3511839679613,309.15660100115423,263.78549579699217
2024-05-07 18:00:00,992.021893139442,309.79791566782086,263.9458841428736
2024-05-07 19:00:00,992.5906859210863,308.20061170372674,263.9513139171929
2024-05-07 20:00:00,993.1594787027307,306.6033077396326,263.9567436915122
2024-05-07 21:00:00,993.728271484375,305.0060037755385,263.96217346583154
2024-05-07 22:00:00,993.4134197920611,304.55944150931174,263.8586237971969
2024-05-07 23:00:00,993.0985680997471,304.11287924308493,263.7550741285622
2024-05-08 00:00:00,992.7837164074332,303.6663169768582,263.6515244599276
2024-05-08 01:00:00,994.1538402712278,303.0236445883342,263.5665315801175
2024-05-08 02:00:00,995.5239641350224,302.38097219981023,263.48153870030734
2024-05-08 03:00:00,996.894087998817,301.73829981128625,263.39654582049724
2024-05-08 04:00:00,995.5784540352753,301.40793935996646,263.3332363463748
2024-05-08 05:00:00,994.2628200717337,301.07757890864673,263.26992687225237
2024-05-08 06:00:00,992.947186108192,300.74721845732694,263.20661739812994
2024-05-08 07:00:00,993.2577736732961,300.34126785957216,263.18909550012427
2024-05-08 08:00:00,993.5683612384003,299.9353172618173,263.17157360211866
2024-05-08 09:00:00,993.8789488035044,299.52936666406254,263.154051704113
2024-05-08 10:00:00,994.9926461137946,299.67552691932013,263.04276039208264
2024-05-08 11:00:00,996.1063434240849,299.8216871745778,262.93146908005235
2024-05-08 12:00:00,997.2200407343752,299.9678474298354,262.820177768022
2024-05-08 13:00:00,997.8718728593751,302.25732742438055,262.6900015856408
2024-05-08 14:00:00,998.5237049843751,304.54680741892577,262.5598254032596
2024-05-08 15:00:00,999.175537109375,306.8362874134709,262.4296492208784
2024-05-08 16:00:00,998.6331613645833,306.3375012838151,262.45943650098565
2024-05-08 17:00:00,998.0907856197916,305.83871515415916,262.4892237810929
2024-05-08 18:00:00,997.548409875,305.3399290245033,262.51901106120016
2024-05-08 19:00:00,998.9147835729166,303.01353924569935,262.18267981136665
2024-05-08 20:00:00,1000.2811572708333,300.6871494668954,261.8463485615331
2024-05-08 21:00:00,1001.64753096875,298.36075968809143,261.5100173116996
2024-05-08 22:00:00,1002.6975307730431,297.5141880722604,261.2964728102734
2024-05-08 23:00:00,1003.7475305773364,296.66761645642947,261.0829283088472
2024-05-09 00:00:00,1004.7975303816296,295.82104484059846,260.869383807421
2024-05-09 01:00:00,1005.5158968243379,294.943682301383,260.80345554153826
2024-05-09 02:00:00,1006.2342632670461,294.0663197621675,260.73752727565545
2024-05-09 03:00:00,1006.9526297097544,293.188957222952,260.6715990097727
2024-05-09 04:00:00,1007.0932140196503,292.20526769780787,260.5065827200387
2024-05-09 05:00:00,1007.2337983295462,291.22157817266367,260.3415664303047
2024-05-09 06:00:00,1007.374382639442,290.2378886475195,260.17655014057067
2024-05-09 07:00:00,1007.5536225482962,289.8119008842522,260.14196555580594
2024-05-09 08:00:00,1007.7328624571503,289.3859131209849,260.10738097104115
2024-05-09 09:00:00,1007.9121023660044,288.9599253577176,260.0727963862764
2024-05-09 10:00:00,1007.9842919458259,288.652031850359,260.2395233634358
2024-05-09 11:00:00,1008.0564815256473,288.34413834300034,260.40625034059525
2024-05-09 12:00:00,1008.1286711054688,288.0362448356417,260.57297731775463
2024-05-09 13:00:00,1008.0524381953126,288.79325924669547,260.6867296548771
2024-05-09 14:00:00,1007.9762052851562,289.5502736577492,260.80048199199956
2024-05-09 15:00:00,1007.899972375,290.30728806880296,260.91423432912205
2024-05-09 16:00:00,1006.5512174921874,291.033101793244,260.9711388648846
2024-05-09 17:00:00,1005.2024626093751,291.758915517685,261.0280434006472
2024-05-09 18:00:00,1003.8537077265626,292.48472924212604,261.0849479364098
2024-05-09 19:00:00,1003.7571402724813,291.8452604961904,261.1623943182477
2024-05-09 20:00:00,1003.6605728184,291.2057917502548,261.23984070008567
2024-05-09 21:00:00,1003.5640053643187,290.56632300431914,261.3172870819236
2024-05-09 22:00:00,1004.4089060272952,291.1122626628334,261.35790744678894
2024-05-09 23:00:00,1005.2538066902717,291.65820232134763,261.3985278116542
2024-05-10 00:00:00,1006.0987073532482,292.2041419798619,261.43914817651955
2024-05-10 01:00:00,1005.9723343978649,292.24657179276136,261.514543408588
2024-05-10 02:00:00,1005.8459614424816,292.2890016056608,261.58993864065644
2024-05-10 03:00:00,1005.7195884870982,292.33143141856027,261.6653338727249
2024-05-10 04:00:00,1004.87051641718,292.47731064432384,261.63567888934017
2024-05-10 05:00:00,1004.021444347262,292.62318987008746,261.6060239059554
2024-05-10 06:00:00,1003.1723722773438,292.769069095851,261.5763689225707
2024-05-10 07:00:00,1002.2736407873662,292.3009365322461,261.5674115188556
2024-05-10 08:00:00,1001.3749092973884,291.83280396864126,261.55845411514053
2024-05-10 09:00:00,1000.4761778074107,291.36467140503635,261.54949671142543
2024-05-10 10:00:00,1002.2063625522023,292.0708767499898,261.60643619241614
2024-05-10 11:00:00,1003.936547296994,292.7770820949433,261.6633756734069
2024-05-10 12:00:00,1005.6667320417856,293.48328743989674,261.7203151543976
2024-05-10 13:00:00,1005.483931748817,295.8437562601599,261.75360284407924
2024-05-10 14:00:00,1005.3011314558482,298.20422508042316,261.7868905337609
2024-05-10 15:00:00,1005.1183311628796,300.56469390068634,261.82017822344255
2024-05-10 16:00:00,1003.6524701602754,300.8589184151571,261.92233952558314
2024-05-10 17:00:00,1002.1866091576712,301.1531429296279,262.0245008277238
2024-05-10 18:00:00,1000.720748155067,301.4473674440987,262.12666212986437
2024-05-10 19:00:00,1000.5765017357961,299.75919691024455,262.2284679824073
2024-05-10 20:00:00,1000.4322553165252,298.07102637639036,262.3302738349502
2024-05-10 21:00:00,1000.2880088972544,296.38285584253623,262.4320796874932
2024-05-10 22:00:00,1000.6837691841071,295.6120842212453,262.3523480936299
2024-05-10 23:00:00,1001.0795294709599,294.8413125999544,262.2726164997666
2024-05-11 00:00:00,1001.4752897578126,294.0705409786635,262.1928849059034
2024-05-11 01:00:00,1002.1016038524702,293.7878435931975,262.15254465518353
2024-05-11 02:00:00,1002.7279179471279,293.50514620773157,262.1122044044636
2024-05-11 03:00:00,1003.3542320417856,293.2224488222656,262.0718641537438
2024-05-11 04:00:00,1002.4368209419196,293.549480397234,262.0538838611739
2024-05-11 05:00:00,1001.5194098420536,293.8765119722024,262.035903568604
2024-05-11 06:00:00,1000.6019987421876,294.2035435471708,262.01792327603414
2024-05-11 07:00:00,1000.5626514114583,294.4030203444996,261.948210708557
2024-05-11 08:00:00,1000.5233040807292,294.6024971418285,261.8784981410798
2024-05-11 09:00:00,1000.48395675,294.80197393915734,261.8087855736026
2024-05-11 10:00:00,1001.4050706493451,295.1619480332031,261.7526688566377
2024-05-11 11:00:00,1002.3261845486904,295.52192212724884,261.6965521396727
2024-05-11 12:00:00,1003.2472984480356,295.8818962212946,261.64043542270775
2024-05-11 13:00:00,1003.3119957136607,296.47059505358254,261.67386437349165
2024-05-11 14:00:00,1003.3766929792857,297.0592938858705,261.70729332427555
2024-05-11 15:00:00,1003.4413902449108,297.64799271815843,261.74072227505945
2024-05-11 16:00:00,1002.3571413842337,300.498696766582,261.8688876912508
2024-05-11 17:00:00,1001.2728925235567,303.3494008150056,261.99705310744207
2024-05-11 18:00:00,1000.1886436628796,306.20010486342915,262.1252185236334
2024-05-11 19:00:00,999.5430221137948,303.5441344696475,262.12689876481
2024-05-11 20:00:00,998.89740056471,300.88816407586586,262.12857900598664
2024-05-11 21:00:00,998.2517790156252,298.2321936820842,262.1302592471632
2024-05-11 22:00:00,998.4317106562501,297.4125789199167,262.02352980520715
2024-05-11 23:00:00,998.6116422968751,296.5929641577492,261.9168003632511
2024-05-12 00:00:00,998.7915739375,295.7733493955817,261.81007092129505
2024-05-12 01:00:00,999.6539109813765,295.1074774256775,261.75148877391433
2024-05-12 02:00:00,1000.516248025253,294.4416054557733,261.6929066265336
2024-05-12 03:00:00,1001.3785850691296,293.77573348586907,261.6343244791529
2024-05-12 04:00:00,1000.8232141710864,293.65776734204326,261.63574954576234
2024-05-12 05:00:00,1000.2678432730431,293.5398011982175,261.63717461237184
2024-05-12 06:00:00,999.712472375,293.4218350543917,261.6385996789813
2024-05-12 07:00:00,999.2907367916666,293.1354132634254,261.57540839066996
2024-05-12 08:00:00,998.8690012083333,292.8489914724591,261.5122171023586
2024-05-12 09:00:00,998.447265625,292.5625696814928,261.4490258140473
2024-05-12 10:00:00,999.3878814166667,292.4354035616025,261.4236674532021
2024-05-12 11:00:00,1000.3284972083333,292.3082374417122,261.3983090923569
2024-05-12 12:00:00,1001.269113,292.18107132182195,261.3729507315117
2024-05-12 13:00:00,1000.8169005286459,293.1674265263969,261.3797676495324
2024-05-12 14:00:00,1000.3646880572917,294.15378173097184,261.3865845675531
2024-05-12 15:00:00,999.9124755859376,295.1401369355468,261.3934014855738
2024-05-12 16:00:00,999.5159738645834,294.39889171945026,261.30427987344535
2024-05-12 17:00:00,999.1194721432294,293.6576465033537,261.21515826131696
2024-05-12 18:00:00,998.7229704218752,292.91640128725714,261.1260366491885
2024-05-12 19:00:00,998.9962044713543,291.97188099808585,261.0563109795193
2024-05-12 20:00:00,999.2694385208334,291.0273607089145,260.98658530985017
2024-05-12 21:00:00,999.5426725703126,290.0828404197432,260.916859640181
2024-05-12 22:00:00,1000.705546723564,289.8883476626413,260.83480716204144
2024-05-12 23:00:00,1001.8684208768155,289.6938549055394,260.7527546839019
2024-05-13 00:00:00,1003.031295030067,289.4993621484375,260.6707022057624
2024-05-13 01:00:00,1003.8280827990849,289.29943797005205,260.4750009310055
2024-05-13 02:00:00,1004.6248705681027,289.09951379166665,260.2792996562487
2024-05-13 03:00:00,1005.4216583371206,288.8995896132812,260.08359838149187
2024-05-13 04:00:00,1004.7791117429763,288.5325949740076,259.9440865169774
2024-05-13 05:00:00,1004.1365651488319,288.165600334734,259.8045746524629
2024-05-13 06:00:00,1003.4940185546876,287.7986056954604,259.66506278794844
2024-05-13 07:00:00,1004.2952707395834,287.5559645795257,259.49445096147844
2024-05-13 08:00:00,1005.0965229244794,287.31332346359096,259.32383913500837
2024-05-13 09:00:00,1005.8977751093752,287.07068234765626,259.15322730853836
2024-05-13 10:00:00,1006.9238898225225,286.8202275019531,259.0924525063509
2024-05-13 11:00:00,1007.9500045356697,286.56977265625,259.0316777041635
2024-05-13 12:00:00,1008.976119248817,286.31931781054686,258.97090290197605
2024-05-13 13:00:00,1008.9918256290254,286.2532418756017,258.8754848211892
2024-05-13 14:00:00,1009.0075320092336,286.1871659406566,258.78006674040245
2024-05-13 15:00:00,1009.023238389442,286.12109000571144,258.6846486596156
2024-05-13 16:00:00,1008.8606203881399,286.1502191372219,258.71113976131613
2024-05-13 17:00:00,1008.6980023868377,286.17934826873227,258.7376308630167
2024-05-13 18:00:00,1008.5353843855356,286.2084774002427,258.7641219647172
2024-05-13 19:00:00,1008.8033083764211,286.0218906561021,258.6998832622253
2024-05-13 20:00:00,1009.0712323673065,285.8353039119615,258.63564455973335
2024-05-13 21:00:00,1009.339156358192,285.64871716782085,258.5714058572414
2024-05-13 22:00:00,1010.5267468976488,285.77987796569704,258.51091041435546
2024-05-13 23:00:00,1011.7143374371057,285.9110387635733,258.45041497146957
2024-05-14 00:00:00,1012.9019279765624,286.0421995614495,258.3899195285836
2024-05-14 01:00:00,1013.1878980286458,285.8560809511226,258.2682416368419
2024-05-14 02:00:00,1013.4738680807291,285.6699623407956,258.1465637451001
2024-05-14 03:00:00,1013.7598381328124,285.4838437304687,258.02488585335834
2024-05-14 04:00:00,1013.263755568616,285.4374094714527,257.9051986158911
2024-05-14 05:00:00,1012.7676730044196,285.3909752124368,257.7855113784239
2024-05-14 06:00:00,1012.2715904402232,285.3445409534208,257.66582414095666
2024-05-14 07:00:00,1012.5489952253795,285.0898572181976,257.56659721362433
2024-05-14 08:00:00,1012.8264000105357,284.83517348297437,257.467370286292
2024-05-14 09:00:00,1013.103804795692,284.5804897477512,257.3681433589597
2024-05-14 10:00:00,1014.0489486845015,285.06006706796506,257.37925960913566
2024-05-14 11:00:00,1014.994092573311,285.539644388179,257.3903758593117
2024-05-14 12:00:00,1015.9392364621206,286.0192217083929,257.40149210948766
2024-05-14 13:00:00,1015.2477448457923,287.59364449299665,257.4708326915918
2024-05-14 14:00:00,1014.556253229464,289.1680672776004,257.54017327369587
2024-05-14 15:00:00,1013.8647616131358,290.7424900622042,257.6095138558
2024-05-14 16:00:00,1012.9143403306323,290.92533106360486,257.6451890977759
2024-05-14 17:00:00,1011.9639190481287,291.10817206500553,257.6808643397519
2024-05-14 18:00:00,1011.0134977656252,291.2910130664062,257.71653958172783
2024-05-14 19:00:00,1010.7981250442709,289.974829363883,257.7732895224033
2024-05-14 20:00:00,1010.5827523229168,288.65864566135974,257.8300394630788
2024-05-14 21:00:00,1010.3673796015626,287.3424619588365,257.8867894037542
2024-05-14 22:00:00,1011.1451626089807,286.352620768989,257.89689028750246
2024-05-14 23:00:00,1011.9229456163988,285.36277957914155,257.90699117125075
2024-05-15 00:00:00,1012.700728623817,284.37293838929406,257.917092054999
2024-05-15 01:00:00,1012.5611819115774,283.9733631527585,257.9970183671279
2024-05-15 02:00:00,1012.4216351993379,283.57378791622295,258.07694467925677
2024-05-15 03:00:00,1012.2820884870982,283.1742126796874,258.1568709913857
2024-05-15 04:00:00,1012.3103070743379,282.8466766628096,258.14214931426665
2024-05-15 05:00:00,1012.3385256615774,282.5191406459319,258.12742763714766
2024-05-15 06:00:00,1012.366744248817,282.1916046290541,258.1127059600286
2024-05-15 07:00:00,1011.5803349393155,281.8527843628274,258.10316996310854
2024-05-15 08:00:00,1010.793925629814,281.5139640966006,258.0936339661885
2024-05-15 09:00:00,1010.0075163203126,281.1751438303739,258.08409796926844
2024-05-15 10:00:00,1010.8456224071577,282.2774178414416,258.1144915695389
2024-05-15 11:00:00,1011.683728494003,283.37969185250927,258.14488516980936
2024-05-15 12:00:00,1012.5218345808482,284.481965863577,258.17527877007984
2024-05-15 13:00:00,1011.5724817492113,286.3029784723503,258.32919545680704
2024-05-15 14:00:00,1010.6231289175745,288.12399108112356,258.48311214353424
2024-05-15 15:00:00,1009.6737760859376,289.94500368989685,258.63702883026144
2024-05-15 16:00:00,1008.7880512447917,289.800720503551,258.67799177000205
2024-05-15 17:00:00,1007.9023264036458,289.65643731720525,258.7189547097426
2024-05-15 18:00:00,1007.0166015625,289.5121541308594,258.7599176494832
2024-05-15 19:00:00,1006.9637292739994,288.6425112995778,258.8521578270894
2024-05-15 20:00:00,1006.9108569854988,287.77286846829617,258.94439800469553
2024-05-15 21:00:00,1006.8579846969982,286.90322563701454,259.0366381823017
2024-05-15 22:00:00,1006.6148514877086,286.83936043098447,259.1157039749334
2024-05-15 23:00:00,1006.3717182784192,286.77549522495445,259.19476976756516
2024-05-16 00:00:00,1006.1285850691296,286.7116300189244,259.27383556019686
2024-05-16 01:00:00,1005.5506485096281,286.3703014831715,259.3674228621672
2024-05-16 02:00:00,1004.9727119501265,286.0289729474186,259.4610101641376
2024-05-16 03:00:00,1004.394775390625,285.6876444116657,259.5545974661079
2024-05-16 04:00:00,1004.388849645439,286.317882467606,259.49894988561454
2024-05-16 05:00:00,1004.382923900253,286.94812052354627,259.4433023051212
2024-05-16 06:00:00,1004.376998155067,287.5783585794866,259.38765472462785
2024-05-16 07:00:00,1004.2308799910045,286.9435084241834,259.3606299373966
2024-05-16 08:00:00,1004.0847618269421,286.30865826888015,259.3336051501653
2024-05-16 09:00:00,1003.9386436628796,285.67380811357697,259.306580362934
2024-05-16 10:00:00,1004.2336959419197,286.6673109762565,259.3045502878417
2024-05-16 11:00:00,1004.5287482209599,287.66081383893595,259.30252021274936
2024-05-16 12:00:00,1004.8238005,288.65431670161547,259.30049013765705
2024-05-16 13:00:00,1004.6360360143229,291.1221947640169,259.2848138050695
2024-05-16 14:00:00,1004.4482715286458,293.59007282641835,259.26913747248204
2024-05-16 15:00:00,1004.2605070429688,296.0579508888198,259.2534611398945
2024-05-16 16:00:00,1003.4871727713953,296.81648563816873,259.38091720170047
2024-05-16 17:00:00,1002.7138384998217,297.5750203875177,259.5083732635065
2024-05-16 18:00:00,1001.9405042282482,298.33355513686666,259.63582932531244
2024-05-16 19:00:00,1001.4043465688321,296.06513373392113,259.617743006306
2024-05-16 20:00:00,1000.8681889094161,293.79671233097565,259.5996566872995
2024-05-16 21:00:00,1000.33203125,291.5282909280301,259.58157036829306
2024-05-16 22:00:00,1001.591730504814,291.1780824332385,259.4956682937676
2024-05-16 23:00:00,1002.851429759628,290.8278739384468,259.40976621924216
2024-05-17 00:00:00,1004.111129014442,290.4776654436552,259.3238641447167
2024-05-17 01:00:00,1003.3430007475149,290.5214781213947,259.3853427327722
2024-05-17 02:00:00,1002.5748724805878,290.5652907991341,259.44682132082767
2024-05-17 03:00:00,1001.8067442136607,290.6091034768736,259.50829990888315
2024-05-17 04:00:00,1002.385549759628,290.1843913696047,259.3753797951967
2024-05-17 05:00:00,1002.9643553055953,289.7596792623358,259.2424596815103
2024-05-17 06:00:00,1003.5431608515626,289.3349671550669,259.10953956782384
2024-05-17 07:00:00,1004.0968227652307,288.9661794183835,259.0824113592985
2024-05-17 08:00:00,1004.6504846788988,288.5973916817001,259.05528315077316
2024-05-17 09:00:00,1005.204146592567,288.2286039450167,259.0281549422478
2024-05-17 10:00:00,1005.3664677518155,288.0299124532235,258.9876749894745
2024-05-17 11:00:00,1005.528788911064,287.8312209614304,258.9471950367012
2024-05-17 12:00:00,1005.6911100703126,287.63252946963723,258.9067150839279
2024-05-17 13:00:00,1006.2237148550745,287.6349621227799,258.9085586995565
2024-05-17 14:00:00,1006.7563196398363,287.63739477592253,258.9104023151852
2024-05-17 15:00:00,1007.2889244245982,287.6398274290652,258.9122459308138
2024-05-17 16:00:00,1006.9889162865774,287.3317007807263,258.90810270878615
2024-05-17 17:00:00,1006.6889081485565,287.02357413238735,258.90395948675854
2024-05-17 18:00:00,1006.3889000105356,286.71544748404847,258.8998162647309
2024-05-17 19:00:00,1006.2324262149627,286.69298289892015,258.88587173258827
2024-05-17 20:00:00,1006.0759524193899,286.67051831379183,258.8719272004457
2024-05-17 21:00:00,1005.919478623817,286.6480537286635,258.8579826683031
2024-05-17 22:00:00,1007.0219363061086,286.3718376921066,258.87774607974546
2024-05-17 23:00:00,1008.1243939884004,286.0956216555497,258.89750949118775
2024-05-18 00:00:00,1009.226851670692,285.8194056189928,258.9172729026301
2024-05-18 01:00:00,1008.9888959415254,285.9263099524247,258.8991235607019
2024-05-18 02:00:00,1008.7509402123586,286.0332142858566,258.88097421877376
2024-05-18 03:00:00,1008.512984483192,286.1401186192885,258.8628248768456
2024-05-18 04:00:00,1008.0619603585864,286.11234077303294,258.792063264084
2024-05-18 05:00:00,1007.6109362339806,286.0845629267774,258.7213016513224
2024-05-18 06:00:00,1007.159912109375,286.0567850805218,258.6505400385608
2024-05-18 07:00:00,1007.5760121132813,286.21501892948015,258.5619463979845
2024-05-18 08:00:00,1007.9921121171875,286.3732527784385,258.47335275740824
2024-05-18 09:00:00,1008.4082121210938,286.5314866273968,258.38475911683196
2024-05-18 10:00:00,1009.0792951672286,286.4855064144569,258.32293018585494
2024-05-18 11:00:00,1009.7503782133634,286.43952620151697,258.261101254878
2024-05-18 12:00:00,1010.4214612594982,286.39354598857705,258.19927232390097
2024-05-18 13:00:00,1011.0889667306848,286.4703747228535,258.12860074497644
2024-05-18 14:00:00,1011.7564722018714,286.54720345712985,258.0579291660519
2024-05-18 15:00:00,1012.423977673058,286.6240321914063,257.9872575871274
2024-05-18 16:00:00,1011.6011482373734,286.8866473717941,257.9336748709623
2024-05-18 17:00:00,1010.7783188016889,287.14926255218194,257.8800921547972
2024-05-18 18:00:00,1009.9554893660044,287.41187773256974,257.8265094386321
2024-05-18 19:00:00,1009.6900429696092,287.2655532000177,257.88256568243446
2024-05-18 20:00:00,1009.424596573214,287.1192286674657,257.93862192623675
2024-05-18 21:00:00,1009.1591501768188,286.9729041349136,257.9946781700391
2024-05-18 22:00:00,1009.9591606422729,286.17612979547437,257.887170368393
2024-05-18 23:00:00,1010.7591711077271,285.37935545603517,257.77966256674694
2024-05-19 00:00:00,1011.5591815731811,284.5825811165959,257.67215476510086
2024-05-19 01:00:00,1011.6359132727458,284.5331774809277,257.6100691260876
2024-05-19 02:00:00,1011.7126449723105,284.48377384525946,257.54798348707425
2024-05-19 03:00:00,1011.7893766718752,284.43437020959124,257.485897848061
2024-05-19 04:00:00,1011.8903084752606,284.2458506851032,257.4686592336493
2024-05-19 05:00:00,1011.9912402786458,284.0573311606152,257.45142061923764
2024-05-19 06:00:00,1012.0921720820312,283.8688116361272,257.43418200482597
2024-05-19 07:00:00,1011.7071186276041,283.68948886604346,257.4036496267505
2024-05-19 08:00:00,1011.3220651731771,283.5101660959598,257.3731172486751
2024-05-19 09:00:00,1010.93701171875,283.33084332587606,257.34258487059964
2024-05-19 10:00:00,1011.8825306679688,284.03994362074866,257.313394954547
2024-05-19 11:00:00,1012.8280496171876,284.74904391562126,257.2842050384943
2024-05-19 12:00:00,1013.7735685664064,285.45814421049386,257.25501512244165
2024-05-19 13:00:00,1013.7094936636682,288.0013558962974,257.36711330489555
2024-05-19 14:00:00,1013.6454187609302,290.544567582101,257.47921148734946
2024-05-19 15:00:00,1013.581343858192,293.0877792679046,257.59130966980337
2024-05-19 16:00:00,1012.3417251697842,293.2769157091527,257.70823846444426
2024-05-19 17:00:00,1011.1021064813765,293.4660521504008,257.8251672590852
2024-05-19 18:00:00,1009.8624877929688,293.65518859164894,257.9420960537261
2024-05-19 19:00:00,1010.302423864189,291.55202214573467,257.92963694068806
2024-05-19 20:00:00,1010.7423599354094,289.44885569982046,257.91717782765
2024-05-19 21:00:00,1011.1822960066296,287.3456892539062,257.90471871461193
2024-05-19 22:00:00,1011.8381881294197,285.9870238703934,257.8893321308688
2024-05-19 23:00:00,1012.4940802522099,284.6283584868806,257.87394554712574
2024-05-20 00:00:00,1013.149972375,283.2696931033678,257.8585589633826
2024-05-20 01:00:00,1012.304890787366,282.78150985692383,257.84778750347624
2024-05-20 02:00:00,1011.4598091997321,282.29332661047994,257.83701604356986
2024-05-20 03:00:00,1010.6147276120982,281.805143364036,257.8262445836635
2024-05-20 04:00:00,1011.0037560153983,281.62962100175594,257.848962050631
2024-05-20 05:00:00,1011.3927844186982,281.4540986394759,257.8716795175984
2024-05-20 06:00:00,1011.7818128219982,281.27857627719584,257.8943969845659
2024-05-20 07:00:00,1011.7918737858857,281.1396006633621,257.8917592150214
2024-05-20 08:00:00,1011.8019347497733,281.0006250495284,257.8891214454769
2024-05-20 09:00:00,1011.8119957136608,280.8616494356947,257.8864836759324
2024-05-20 10:00:00,1011.8484947370983,282.349459831528,257.90257249067525
2024-05-20 11:00:00,1011.8849937605357,283.8372702273614,257.9186613054181
2024-05-20 12:00:00,1011.9214927839732,285.3250806231947,257.9347501201609
2024-05-20 13:00:00,1011.6140180118379,288.18733130538783,258.1648096483174
2024-05-20 14:00:00,1011.3065432397024,291.0495819875809,258.3948691764738
2024-05-20 15:00:00,1010.999068467567,293.911832669774,258.62492870463024
2024-05-20 16:00:00,1009.5477745222545,294.4880078404455,258.7783874510615
2024-05-20 17:00:00,1008.0964805769421,295.064183011117,258.9318461974928
2024-05-20 18:00:00,1006.6451866316296,295.6403581817885,259.0853049439241
2024-05-20 19:00:00,1005.5419234809823,293.6843961062676,259.2431630276846
2024-05-20 20:00:00,1004.4386603303349,291.72843403074677,259.40102111144506
2024-05-20 21:00:00,1003.3353971796876,289.7724719552259,259.5588791952056
2024-05-20 22:00:00,1003.9071254996057,288.89973485261294,259.67072754092817
2024-05-20 23:00:00,1004.4788538195238,288.02699774999996,259.7825758866507
2024-05-21 00:00:00,1005.050582139442,287.154260647387,259.8944242323733
2024-05-21 01:00:00,1004.2294143217337,287.04849149379044,259.8994629030108
2024-05-21 02:00:00,1003.4082465040253,286.94272234019394,259.9045015736482
2024-05-21 03:00:00,1002.587078686317,286.8369531865974,259.90954024428567
2024-05-21 04:00:00,1002.591336962753,286.7525239187677,259.93672644857355
2024-05-21 05:00:00,1002.595595239189,286.6680946509379,259.9639126528614
2024-05-21 06:00:00,1002.599853515625,286.5836653831082,259.99109885714927
2024-05-21 07:00:00,1002.1953266845014,286.6563379091499,259.98239955060734
2024-05-21 08:00:00,1001.790799853378,286.7290104351915,259.9737002440654
2024-05-21 09:00:00,1001.3862730222544,286.8016829612332,259.9650009375235
2024-05-21 10:00:00,1002.2096057492113,288.5960870607933,260.0207394060028
2024-05-21 11:00:00,1003.0329384761683,290.3904911603534,260.07647787448207
2024-05-21 12:00:00,1003.8562712031252,292.1848952599135,260.1322163429614
2024-05-21 13:00:00,1002.8440550126267,294.9396233835621,260.3095495234653
2024-05-21 14:00:00,1001.8318388221281,297.69435150721074,260.4868827039692
2024-05-21 15:00:00,1000.8196226316296,300.44907963085933,260.6642158844731
2024-05-21 16:00:00,1000.528860306503,301.2930669121586,260.8278161251399
2024-05-21 17:00:00,1000.2380979813765,302.13705419345797,260.99141636580674
2024-05-21 18:00:00,999.94733565625,302.98104147475726,261.15501660647357
2024-05-21 19:00:00,999.5727192135416,300.724731546569,261.2206773355759
2024-05-21 20:00:00,999.1981027708333,298.46842161838066,261.2863380646782
2024-05-21 21:00:00,998.823486328125,296.2121116901924,261.3519987937805
2024-05-21 22:00:00,998.9192443277307,295.3265603731895,261.3006342707862
2024-05-21 23:00:00,999.0150023273363,294.4410090561867,261.2492697477918
2024-05-22 00:00:00,999.110760326942,293.55545773918385,261.19790522479747
2024-05-22 01:00:00,999.3053810951712,293.64130929822636,261.1373417726176
2024-05-22 02:00:00,999.5000018634004,293.72716085726887,261.0767783204377
2024-05-22 03:00:00,999.6946226316296,293.8130124163114,261.01621486825786
2024-05-22 04:00:00,1000.3371865721281,294.06260818198564,261.02436639070845
2024-05-22 05:00:00,1000.9797505126265,294.31220394765984,261.032517913159
2024-05-22 06:00:00,1001.622314453125,294.5617997133341,261.0406694356096
2024-05-22 07:00:00,1001.2312652057292,293.90248554816674,260.9712788755939
2024-05-22 08:00:00,1000.8402159583334,293.2431713829994,260.90188831557816
2024-05-22 09:00:00,1000.4491667109376,292.583857217832,260.8324977555625
2024-05-22 10:00:00,1001.6050828563765,293.5502133251553,260.84614887741003
2024-05-22 11:00:00,1002.7609990018154,294.51656943247855,260.8597999992575
2024-05-22 12:00:00,1003.9169151472544,295.48292553980184,260.87345112110506
2024-05-22 13:00:00,1003.1561812934821,297.8658026027557,260.9377302464578
2024-05-22 14:00:00,1002.3954474397099,300.2486796657096,261.0020093718106
2024-05-22 15:00:00,1001.6347135859376,302.63155672866344,261.0662884971633
2024-05-22 16:00:00,1000.6152230260417,303.2458116231947,261.1328032873471
2024-05-22 17:00:00,999.5957324661458,303.86006651772595,261.19931807753085
2024-05-22 18:00:00,998.57624190625,304.4743214122572,261.2658328677146
2024-05-22 19:00:00,997.8364052730432,302.2783850308947,261.2033608652926
2024-05-22 20:00:00,997.0965686398364,300.0824486495321,261.14088886287055
2024-05-22 21:00:00,996.3567320066296,297.8865122681696,261.07841686044856
2024-05-22 22:00:00,997.3929553585864,298.1755349568238,261.04615615698583
2024-05-22 23:00:00,998.4291787105432,298.464557645478,261.01389545352305
2024-05-23 00:00:00,999.4654020625,298.7535803341322,260.9816347500603
2024-05-23 01:00:00,999.5178922968751,298.51711583142946,260.848987240026
2024-05-23 02:00:00,999.5703825312501,298.28065132872666,260.7163397299917
2024-05-23 03:00:00,999.6228727656252,298.0441868260239,260.5836922199574
2024-05-23 04:00:00,998.7519733068974,297.6880163202138,260.45770959559144
2024-05-23 05:00:00,997.8810738481698,297.3318458144038,260.33172697122546
2024-05-23 06:00:00,997.010174389442,296.9756753085937,260.2057443468595
2024-05-23 07:00:00,997.0837420977754,295.45483161548077,260.0995597890359
2024-05-23 08:00:00,997.1573098061086,293.9339879223679,259.9933752312122
2024-05-23 09:00:00,997.230877514442,292.413144229255,259.8871906733886
2024-05-23 10:00:00,998.8800075717337,293.1518542496447,259.90778168496536
2024-05-23 11:00:00,1000.5291376290253,293.89056427003436,259.9283726965421
2024-05-23 12:00:00,1002.178267686317,294.62927429042406,259.94896370811887
2024-05-23 13:00:00,1001.8433474389212,295.90894206963253,259.7883401199671
2024-05-23 14:00:00,1001.5084271915254,297.18860984884105,259.6277165318153
2024-05-23 15:00:00,1001.1735069441296,298.4682776280495,259.4670929436635
2024-05-23 16:00:00,1000.9753054467337,297.24316026501475,259.3304892846327
2024-05-23 17:00:00,1000.7771039493379,296.01804290198,259.1938856256019
2024-05-23 18:00:00,1000.578902451942,294.7929255389452,259.0572819665711
2024-05-23 19:00:00,1000.7199019966072,293.1179269312564,258.8911373225103
2024-05-23 20:00:00,1000.8609015412724,291.4429283235676,258.72499267844955
2024-05-23 21:00:00,1001.0019010859376,289.76792971587884,258.55884803438875
2024-05-23 22:00:00,1001.4787657630209,289.7621467904529,258.50625880074483
2024-05-23 23:00:00,1001.9556304401043,289.7563638650269,258.45366956710086
2024-05-24 00:00:00,1002.4324951171876,289.750580939601,258.40108033345695
2024-05-24 01:00:00,1003.6962633824182,289.5510912930673,258.00275503574113
2024-05-24 02:00:00,1004.960031647649,289.35160164653365,257.6044297380254
2024-05-24 03:00:00,1006.2237999128796,289.152112,257.20610444030956
2024-05-24 04:00:00,1006.5814335721282,289.0188052122889,256.97466710334965
2024-05-24 05:00:00,1006.9390672313766,288.88549842457775,256.7432297663898
2024-05-24 06:00:00,1007.2967008906252,288.75219163686666,256.5117924294299
2024-05-24 07:00:00,1008.0891323355434,288.52910709905694,256.3156918265238
2024-05-24 08:00:00,1008.8815637804614,288.3060225612472,256.11959122361765
2024-05-24 09:00:00,1009.6739952253796,288.08293802343746,255.92349062071156
2024-05-24 10:00:00,1010.0524215278573,287.9336746725753,255.9352856059544
2024-05-24 11:00:00,1010.4308478303349,287.7844113217131,255.9470805911972
2024-05-24 12:00:00,1010.8092741328126,287.63514797085094,255.95887557644002
2024-05-24 13:00:00,1011.5277309683557,288.25149344841975,255.94847535397503
2024-05-24 14:00:00,1012.2461878038988,288.8678389259886,255.93807513151003
2024-05-24 15:00:00,1012.964644639442,289.48418440355744,255.92767490904504
2024-05-24 16:00:00,1012.9394167748586,288.98568472221257,255.93838186380557
2024-05-24 17:00:00,1012.9141889102754,288.4871850408677,255.94908881856614
2024-05-24 18:00:00,1012.888961045692,287.98868535952283,255.95979577332668
2024-05-24 19:00:00,1012.8460736759004,287.4993530261402,255.95057431398286
2024-05-24 20:00:00,1012.8031863061086,287.01002069275756,255.94135285463906
2024-05-24 21:00:00,1012.760298936317,286.52068835937496,255.93213139529524
2024-05-24 22:00:00,1013.2229944445238,285.8991304260821,255.8313643887668
2024-05-24 23:00:00,1013.6856899527307,285.2775724927892,255.73059738223833
2024-05-25 00:00:00,1014.1483854609376,284.6560145594963,255.62983037570987
2024-05-25 01:00:00,1014.964091645439,284.64363253019945,255.58081494544658
2024-05-25 02:00:00,1015.7797978299405,284.63125050090264,255.5317995151833
2024-05-25 03:00:00,1016.595504014442,284.61886847160577,255.48278408492
2024-05-25 04:00:00,1016.6939740665254,284.59616981310177,255.39901540580118
2024-05-25 05:00:00,1016.7924441186086,284.5734711545977,255.31524672668232
2024-05-25 06:00:00,1016.890914170692,284.5507724960937,255.23147804756348
2024-05-25 07:00:00,1016.241345681503,284.4011782460937,255.1151986140899
2024-05-25 08:00:00,1015.5917771923141,284.2515839960937,254.99891918061633
2024-05-25 09:00:00,1014.9422087031252,284.1019897460937,254.88263974714275
2024-05-25 10:00:00,1016.0082810985641,283.970447545425,254.84147817537286
2024-05-25 11:00:00,1017.074353494003,283.8389053447563,254.80031660360297
2024-05-25 12:00:00,1018.140425889442,283.7073631440876,254.75915503183307
2024-05-25 13:00:00,1018.2462608503795,284.98102526677917,254.81401694891417
2024-05-25 14:00:00,1018.3520958113169,286.2546873894708,254.86887886599527
2024-05-25 15:00:00,1018.4579307722544,287.5283495121624,254.92374078307637
2024-05-25 16:00:00,1017.2638796654836,288.0341634285826,255.02834629338264
2024-05-25 17:00:00,1016.0698285587127,288.5399773450028,255.13295180368894
2024-05-25 18:00:00,1014.875777451942,289.045791261423,255.2375573139952
2024-05-25 19:00:00,1014.7926068790254,287.400707777048,255.24810502971033
2024-05-25 20:00:00,1014.7094363061086,285.755624292673,255.25865274542545
2024-05-25 21:00:00,1014.626265733192,284.110540808298,255.26920046114057
2024-05-25 22:00:00,1015.0482304471279,282.87646454242145,255.24941137429724
2024-05-25 23:00:00,1015.470195161064,281.6423882765448,255.22962228745394
2024-05-26 00:00:00,1015.892159875,280.4083120106682,255.2098332006106
2024-05-26 01:00:00,1016.4832973746056,280.1703603984375,255.2654832297683
2024-05-26 02:00:00,1017.0744348742113,279.93240878620674,255.32113325892598
2024-05-26 03:00:00,1017.665572373817,279.694457173976,255.3767832880837
2024-05-26 04:00:00,1016.6639531033779,278.9644677907589,255.33880364314308
2024-05-26 05:00:00,1015.662333832939,278.2344784075418,255.30082399820245
2024-05-26 06:00:00,1014.6607145625,277.5044890243247,255.26284435326184
2024-05-26 07:00:00,1014.4310596145833,277.61622117567237,255.30147245327967
2024-05-26 08:00:00,1014.2014046666666,277.7279533270201,255.34010055329748
2024-05-26 09:00:00,1013.97174971875,277.83968547836776,255.3787286533153
2024-05-26 10:00:00,1014.7002977001265,278.8642388502111,255.44366799578336
2024-05-26 11:00:00,1015.428845681503,279.88879222205446,255.50860733825144
2024-05-26 12:00:00,1016.1573936628796,280.9133455938978,255.5735466807195
2024-05-26 13:00:00,1016.1121869571504,282.97380725380765,255.73593299582134
2024-05-26 14:00:00,1016.0669802514212,285.0342689137175,255.89831931092317
2024-05-26 15:00:00,1016.021773545692,287.0947305736273,256.060705626025
2024-05-26 16:00:00,1014.7159467227754,287.0803527722443,256.1570342814921
2024-05-26 17:00:00,1013.4101198998586,287.06597497086125,256.2533629369591
2024-05-26 18:00:00,1012.104293076942,287.0515971694782,256.34969159242615
2024-05-26 19:00:00,1011.9897097436086,286.34085438442054,256.4016150447812
2024-05-26 20:00:00,1011.8751264102754,285.63011159936286,256.4535384971362
2024-05-26 21:00:00,1011.760543076942,284.9193688143052,256.50546194949123
2024-05-26 22:00:00,1011.3129511055879,284.87881906039894,256.4376858933657
2024-05-26 23:00:00,1010.8653591342337,284.83826930649275,256.3699098372402
2024-05-27 00:00:00,1010.4177671628796,284.7977195525865,256.30213378111466
2024-05-27 01:00:00,1011.2514148312426,284.63850020753443,256.2984017130557
2024-05-27 02:00:00,1012.0850624996058,284.4792808624823,256.29466964499676
2024-05-27 03:00:00,1012.9187101679688,284.32006151743025,256.2909375769378
2024-05-27 04:00:00,1012.2001809648438,284.1958680557924,256.17762374348047
2024-05-27 05:00:00,1011.4816517617188,284.07167459415456,256.0643099100232
2024-05-27 06:00:00,1010.7631225585938,283.9474811325167,255.95099607656593
2024-05-27 07:00:00,1011.3529384540813,284.0375358380487,255.76769893866668
2024-05-27 08:00:00,1011.9427543495689,284.1275905435807,255.5844018007674
2024-05-27 09:00:00,1012.5325702450564,284.2176452491127,255.40110466286816
2024-05-27 10:00:00,1013.5929565340704,284.2130812869717,255.30916522071362
2024-05-27 11:00:00,1014.6533428230842,284.2085173248307,255.2172257785591
2024-05-27 12:00:00,1015.7137291120982,284.20395336268973,255.12528633640457
2024-05-27 13:00:00,1015.8406618920461,286.0537521101841,255.25054528504404
2024-05-27 14:00:00,1015.9675946719941,287.90355085767857,255.37580423368348
2024-05-27 15:00:00,1016.094527451942,289.75334960517296,255.50106318232295
2024-05-27 16:00:00,1014.8657933663987,290.5428222652306,255.6184351058293
2024-05-27 17:00:00,1013.6370592808556,291.3322949252883,255.73580702933563
2024-05-27 18:00:00,1012.4083251953124,292.12176758534594,255.85317895284197
2024-05-27 19:00:00,1012.9370267287723,289.99727867278267,255.8228676129399
2024-05-27 20:00:00,1013.4657282622321,287.87278976021946,255.79255627303783
2024-05-27 21:00:00,1013.994429795692,285.7483008476562,255.76224493313575
2024-05-27 22:00:00,1014.7407661831509,283.86548292607694,255.77323905195237
2024-05-27 23:00:00,1015.4871025706099,281.98266500449773,255.784233170769
2024-05-28 00:00:00,1016.2334389580687,280.0998470829185,255.79522728958563
2024-05-28 01:00:00,1016.4237971022542,279.8326952110258,255.7253399232249
2024-05-28 02:00:00,1016.6141552464397,279.56554333913317,255.6554525568642
2024-05-28 03:00:00,1016.8045133906252,279.2983914672405,255.58556519050347
2024-05-28 04:00:00,1016.5523077912725,278.794475910452,255.5385324633489
2024-05-28 05:00:00,1016.3001021919197,278.2905603536635,255.4914997361943
2024-05-28 06:00:00,1016.047896592567,277.786644796875,255.44446700903973
2024-05-28 07:00:00,1016.4207807071504,277.26486935997673,255.35458949134932
2024-05-28 08:00:00,1016.7936648217336,276.7430939230785,255.26471197365888
2024-05-28 09:00:00,1017.166548936317,276.2213184861802,255.17483445596847
2024-05-28 10:00:00,1017.2268366606696,278.19623718469865,255.1156622955137
2024-05-28 11:00:00,1017.2871243850224,280.171155883217,255.05649013505888
2024-05-28 12:00:00,1017.347412109375,282.14607458173543,254.9973179746041
2024-05-28 13:00:00,1017.6435598606286,284.4003897978813,255.08234562347718
2024-05-28 14:00:00,1017.9397076118822,286.6547050140271,255.16737327235026
2024-05-28 15:00:00,1018.2358553631358,288.909020230173,255.25240092122334
2024-05-28 16:00:00,1016.4046062364879,289.49871904207123,255.46856872506334
2024-05-28 17:00:00,1014.5733571098399,290.0884178539695,255.6847365289033
2024-05-28 18:00:00,1012.742107983192,290.6781166658677,255.9009043327433
2024-05-28 19:00:00,1013.0265990070238,288.32235291261253,255.98753446907713
2024-05-28 20:00:00,1013.3110900308558,285.9665891593573,256.07416460541094
2024-05-28 21:00:00,1013.5955810546876,283.6108254061021,256.1607947417448
2024-05-28 22:00:00,1014.3066232786459,282.2795903426502,256.153839607061
2024-05-28 23:00:00,1015.0176655026042,280.94835527919827,256.14688447237717
2024-05-29 00:00:00,1015.7287077265626,279.61712021574635,256.1399293376934
2024-05-29 01:00:00,1015.7358284947917,279.30149789633646,256.19479649779805
2024-05-29 02:00:00,1015.7429492630208,278.9858755769266,256.2496636579028
2024-05-29 03:00:00,1015.75007003125,278.6702532575167,256.30453081800744
2024-05-29 04:00:00,1015.7259935009077,278.3767391507952,256.3855218476369
2024-05-29 05:00:00,1015.7019169705654,278.0832250440737,256.46651287726627
2024-05-29 06:00:00,1015.6778404402232,277.78971093735214,256.5475039068957
2024-05-29 07:00:00,1015.3820113716072,277.6009015994615,256.5588359744255
2024-05-29 08:00:00,1015.0861823029912,277.4120922615709,256.5701680419553
2024-05-29 09:00:00,1014.7903532343752,277.22328292368024,256.5815001094851
2024-05-29 10:00:00,1014.5149127600224,279.03983923883374,256.6045824787167
2024-05-29 11:00:00,1014.2394722856698,280.85639555398717,256.62766484794827
2024-05-29 12:00:00,1013.964031811317,282.67295186914066,256.65074721717986
2024-05-29 13:00:00,1014.875450280067,285.5066216945136,256.73942467102466
2024-05-29 14:00:00,1015.786868748817,288.34029151988653,256.82810212486953
2024-05-29 15:00:00,1016.698287217567,291.1739613452595,256.91677957871434
2024-05-29 16:00:00,1015.1547164497322,291.8840115016081,257.0236832037073
2024-05-29 17:00:00,1013.6111456818974,292.5940616579567,257.1305868287003
2024-05-29 18:00:00,1012.0675749140626,293.30411181430526,257.2374904536933
2024-05-29 19:00:00,1012.2160244253869,290.7673583071931,257.3540454634261
2024-05-29 20:00:00,1012.3644739367113,288.230604800081,257.47060047315887
2024-05-29 21:00:00,1012.5129234480356,285.6938512929688,257.58715548289166
2024-05-29 22:00:00,1012.1861292101488,284.81477815234376,257.6665762582607
2024-05-29 23:00:00,1011.859334972262,283.93570501171877,257.7459970336298
2024-05-30 00:00:00,1011.5325407343752,283.0566318710937,257.82541780899885
2024-05-30 01:00:00,1011.1440021154912,282.84087259374996,257.82908004844575
2024-05-30 02:00:00,1010.7554634966073,282.6251133164062,257.83274228789264
2024-05-30 03:00:00,1010.3669248777232,282.40935403906246,257.83640452733954
2024-05-30 04:00:00,1010.8523059445239,281.90609799619233,257.76261649078725
2024-05-30 05:00:00,1011.3376870113245,281.40284195332214,257.688828454235
2024-05-30 06:00:00,1011.8230680781252,280.899585910452,257.61504041768274
2024-05-30 07:00:00,1011.3991992630209,280.7293200458194,257.5667273788875
2024-05-30 08:00:00,1010.9753304479168,280.55905418118675,257.51841434009225
2024-05-30 09:00:00,1010.5514616328126,280.38878831655416,257.470101301297
2024-05-30 10:00:00,1011.0383187291668,282.2220242612156,257.4871429160721
2024-05-30 11:00:00,1011.5251758255209,284.055260205877,257.5041845308473
2024-05-30 12:00:00,1012.0120329218752,285.88849615053846,257.5212261456224
2024-05-30 13:00:00,1011.4974973954392,289.2070101602055,257.615375431828
2024-05-30 14:00:00,1010.982961869003,292.52552416987254,257.70952471803366
2024-05-30 15:00:00,1010.468426342567,295.8440381795396,257.80367400423927
2024-05-30 16:00:00,1009.997122025253,296.73238407607323,257.79451424741063
2024-05-30 17:00:00,1009.5258177079392,297.6207299726069,257.78535449058205
2024-05-30 18:00:00,1009.0545133906252,298.50907586914053,257.7761947337534
2024-05-30 19:00:00,1009.6737270621057,295.56526789793423,257.91929848318
2024-05-30 20:00:00,1010.2929407335864,292.621459926728,258.06240223260664
2024-05-30 21:00:00,1010.912154405067,289.6776519555217,258.20550598203323
2024-05-30 22:00:00,1010.7845585721279,288.60333401176285,258.30781551360354
2024-05-30 23:00:00,1010.656962739189,287.52901606800407,258.4101250451739
2024-05-31 00:00:00,1010.52936690625,286.4546981242452,258.5124345767442
2024-05-31 01:00:00,1010.0228066402307,285.9201966596531,258.46095483550533
2024-05-31 02:00:00,1009.5162463742113,285.38569519506086,258.4094750942665
2024-05-31 03:00:00,1009.009686108192,284.8511937304687,258.3579953530276
2024-05-31 04:00:00,1009.4049589393155,284.6489875710128,258.3748988708751
2024-05-31 05:00:00,1009.800231770439,284.44678141155686,258.3918023887225
2024-05-31 06:00:00,1010.1955046015626,284.24457525210096,258.40870590657
2024-05-31 07:00:00,1009.1681110022098,284.0700452228041,258.45839846292523
2024-05-31 08:00:00,1008.1407174028571,283.8955151935072,258.50809101928047
2024-05-31 09:00:00,1007.1133238035044,283.72098516421033,258.5577835756357
2024-05-31 10:00:00,1008.404991295692,285.418173350359,258.55503419189625
2024-05-31 11:00:00,1009.6966587878794,287.1153615365076,258.55228480815674
2024-05-31 12:00:00,1010.988326280067,288.81254972265623,258.5495354244173
2024-05-31 13:00:00,1010.0568068998587,292.33079008523714,258.654101932982
2024-05-31 14:00:00,1009.1252875196503,295.849030447818,258.7586684415467
2024-05-31 15:00:00,1008.193768139442,299.3672708103989,258.8632349501114
2024-05-31 16:00:00,1007.273977494003,300.08360992172703,259.00028204344767
2024-05-31 17:00:00,1006.3541868485642,300.79994903305516,259.13732913678393
2024-05-31 18:00:00,1005.4343962031252,301.5162881443833,259.2743762301202
2024-05-31 19:00:00,1005.8147589631475,299.08579307346906,259.28477639772626
2024-05-31 20:00:00,1006.1951217231697,296.6552980025548,259.29517656533227
2024-05-31 21:00:00,1006.575484483192,294.22480293164057,259.30557673293833
2024-05-31 22:00:00,1006.6770146268155,293.189454651742,259.3605653064223
2024-05-31 23:00:00,1006.778544770439,292.1541063718434,259.4155538799063
2024-06-01 00:00:00,1006.8800749140626,291.1187580919448,259.4705424533903
2024-06-01 01:00:00,1007.3250128693974,290.3959081687184,259.45918840000536
2024-06-01 02:00:00,1007.7699508247322,289.67305824549203,259.4478343466204
2024-06-01 03:00:00,1008.214888780067,288.9502083222656,259.4364802932355
2024-06-01 04:00:00,1007.1368941841072,288.58638398702846,259.4482226451249
2024-06-01 05:00:00,1006.0588995881474,288.22255965179124,259.45996499701425
2024-06-01 06:00:00,1004.9809049921876,287.8587353165541,259.47170734890364
2024-06-01 07:00:00,1005.5980841584599,287.4815878718434,259.3474834275785
2024-06-01 08:00:00,1006.2152633247321,287.1044404271326,259.2232595062533
2024-06-01 09:00:00,1006.8324424910044,286.7272929824219,259.0990355849282
2024-06-01 10:00:00,1007.0889205512947,288.17614946284135,259.01089262271165
2024-06-01 11:00:00,1007.3453986115849,289.6250059432608,258.9227496604952
2024-06-01 12:00:00,1007.6018766718752,291.0738624236803,258.83460669827866
2024-06-01 13:00:00,1007.3434538203127,294.16778759225076,258.8657920673583
2024-06-01 14:00:00,1007.0850309687501,297.2617127608212,258.8969774364379
2024-06-01 15:00:00,1006.8266081171876,300.35563792939166,258.92816280551756
2024-06-01 16:00:00,1005.7010292964807,301.38080994827186,258.9862249917163
2024-06-01 17:00:00,1004.5754504757739,302.4059819671521,259.044287177915
2024-06-01 18:00:00,1003.449871655067,303.4311539860323,259.10234936411376
2024-06-01 19:00:00,1003.211590405067,300.3172916906073,259.19216511333417
2024-06-01 20:00:00,1002.973309155067,297.2034293951823,259.2819808625545
2024-06-01 21:00:00,1002.735027905067,294.0895670997573,259.3717966117749
2024-06-01 22:00:00,1003.4222522335864,293.232252345851,259.3886569087528
2024-06-01 23:00:00,1004.1094765621058,292.3749375919448,259.4055172057307
2024-06-02 00:00:00,1004.7967008906252,291.5176228380385,259.42237750270857
2024-06-02 01:00:00,1005.4959113068975,291.0694541429776,259.38803115375504
2024-06-02 02:00:00,1006.1951217231697,290.62128544791665,259.35368480480145
2024-06-02 03:00:00,1006.894332139442,290.1731167528557,259.3193384558479
2024-06-02 04:00:00,1005.901013650253,290.02163206961217,259.3573244807955
2024-06-02 05:00:00,1004.9076951610641,289.87014738636856,259.39531050574305
2024-06-02 06:00:00,1003.9143766718752,289.718662703125,259.43329653069065
2024-06-02 07:00:00,1003.9138070104168,289.5291863334319,259.3793479462904
2024-06-02 08:00:00,1003.9132373489583,289.3397099637388,259.32539936189016
2024-06-02 09:00:00,1003.9126676875,289.1502335940457,259.2714507774899
2024-06-02 10:00:00,1004.5990457109374,290.38374078665544,259.2440496901838
2024-06-02 11:00:00,1005.285423734375,291.6172479792652,259.2166486028776
2024-06-02 12:00:00,1005.9718017578124,292.85075517187494,259.1892475155715
2024-06-02 13:00:00,1005.9556627964806,296.0671795864406,259.29916555200833
2024-06-02 14:00:00,1005.9395238351487,299.2836040010062,259.40908358844524
2024-06-02 15:00:00,1005.923384873817,302.5000284155719,259.5190016248821
2024-06-02 16:00:00,1003.9792108712128,303.2364296428347,259.69135015508056
2024-06-02 17:00:00,1002.0350368686086,303.9728308700976,259.863698685279
2024-06-02 18:00:00,1000.0908628660044,304.7092320973604,260.0360472154775
2024-06-02 19:00:00,1000.7435616411384,301.82020415820307,260.05360219496123
2024-06-02 20:00:00,1001.3962604162724,298.9311762190457,260.071157174445
2024-06-02 21:00:00,1002.0489591914064,296.04214827988835,260.0887121539287
2024-06-02 22:00:00,1003.2699268020834,295.1533562291564,259.9464609581432
2024-06-02 23:00:00,1004.4908944127606,294.26456417842445,259.8042097623577
2024-06-03 00:00:00,1005.7118620234376,293.37577212769247,259.66195856657214
2024-06-03 01:00:00,1006.1771503658855,292.8721835681026,259.58429633358134
2024-06-03 02:00:00,1006.6424387083333,292.3685950085128,259.5066341005906
2024-06-03 03:00:00,1007.1077270507812,291.86500644892294,259.4289718675998
2024-06-03 04:00:00,1007.1331176757812,292.8644525181305,259.3898408012578
2024-06-03 05:00:00,1007.1585083007812,293.86389858733816,259.35070973491577
2024-06-03 06:00:00,1007.1838989257812,294.86334465654573,259.31157866857376
2024-06-03 07:00:00,1008.1244801878944,295.00871255809056,259.11285601936123
2024-06-03 08:00:00,1009.0650614500074,295.15408045963545,258.91413337014876
2024-06-03 09:00:00,1010.0056427121206,295.2994483611803,258.71541072093623
2024-06-03 10:00:00,1010.6970751579464,294.8998151990709,258.60859910462773
2024-06-03 11:00:00,1011.3885076037724,294.50018203696146,258.50178748831917
2024-06-03 12:00:00,1012.0799400495982,294.10054887485205,258.39497587201066
2024-06-03 13:00:00,1012.8816459861905,293.78260821645176,258.30295505528863
2024-06-03 14:00:00,1013.6833519227828,293.4646675580515,258.21093423856667
2024-06-03 15:00:00,1014.485057859375,293.1467268996512,258.11891342184464
2024-06-03 16:00:00,1013.4964826193974,294.0725110695135,258.1410641951461
2024-06-03 17:00:00,1012.5079073794196,294.99829523937586,258.1632149684475
2024-06-03 18:00:00,1011.519332139442,295.9240794092382,258.18536574174897
2024-06-03 19:00:00,1011.4903200951712,294.4725023205979,258.2121625073907
2024-06-03 20:00:00,1011.4613080509004,293.02092523195773,258.23895927303244
2024-06-03 21:00:00,1011.4322960066296,291.5693481433175,258.26575603867417
2024-06-03 22:00:00,1011.4480023868379,290.6818621164769,258.31104955820757
2024-06-03 23:00:00,1011.4637087670461,289.7943760896363,258.356343077741
2024-06-04 00:00:00,1011.4794151472544,288.9068900627957,258.4016365972744
2024-06-04 01:00:00,1011.3731732852752,287.96813098552406,258.41390216357814
2024-06-04 02:00:00,1011.2669314232961,287.0293719082524,258.42616772988197
2024-06-04 03:00:00,1011.160689561317,286.0906128309808,258.43843329618574
2024-06-04 04:00:00,1010.981246201942,285.48853735016183,258.4305590697516
2024-06-04 05:00:00,1010.801802842567,284.88646186934295,258.42268484331754
2024-06-04 06:00:00,1010.622359483192,284.284386388524,258.4148106168834
2024-06-04 07:00:00,1010.4220827904836,284.167120821516,258.4926602578916
2024-06-04 08:00:00,1010.2218060977754,284.04985525450803,258.57050989889984
2024-06-04 09:00:00,1010.021529405067,283.9325896875,258.64835953990803
2024-06-04 10:00:00,1009.2911412097545,285.49482436728607,258.68665338093433
2024-06-04 11:00:00,1008.5607530144421,287.0570590470722,258.7249472219607
2024-06-04 12:00:00,1007.8303648191296,288.61929372685825,258.763241062987
2024-06-04 13:00:00,1008.2617297726489,292.71358181069473,258.9291645935577
2024-06-04 14:00:00,1008.6930947261683,296.8078698945312,259.0950881241284
2024-06-04 15:00:00,1009.1244596796876,300.9021579783677,259.2610116546991
2024-06-04 16:00:00,1008.4118862417931,301.68178621013857,259.38746812272916
2024-06-04 17:00:00,1007.6993128038988,302.46141444190937,259.5139245907592
2024-06-04 18:00:00,1006.9867393660044,303.2410426736802,259.6403810587893
2024-06-04 19:00:00,1006.6571902123586,300.4081789023437,259.7260405395947
2024-06-04 20:00:00,1006.3276410587127,297.5753151310072,259.8117000204001
2024-06-04 21:00:00,1005.998091905067,294.74245135967067,259.89735950120553
2024-06-04 22:00:00,1005.9882705799405,293.452262025637,259.9423083404282
2024-06-04 23:00:00,1005.9784492548141,292.1620726916034,259.9872571796509
2024-06-05 00:00:00,1005.9686279296876,290.87188335756974,260.0322060188736
2024-06-05 01:00:00,1006.7130767291668,290.47911948162294,260.00627677478474
2024-06-05 02:00:00,1007.457525528646,290.0863556056761,259.98034753069595
2024-06-05 03:00:00,1008.2019743281252,289.6935917297293,259.9544182866071
2024-06-05 04:00:00,1007.612310684896,289.83030317659035,259.98347978194596
2024-06-05 05:00:00,1007.0226470416668,289.9670146234514,260.0125412772848
2024-06-05 06:00:00,1006.4329833984376,290.10372607031246,260.04160277262366
2024-06-05 07:00:00,1006.6339518229167,290.0698308358389,260.03998383592165
2024-06-05 08:00:00,1006.8349202473959,290.0359356013653,260.0383648992196
2024-06-05 09:00:00,1007.035888671875,290.0020403668917,260.03674596251756
2024-06-05 10:00:00,1007.1831603433557,291.38847778821423,260.00830613720564
2024-06-05 11:00:00,1007.3304320148363,292.7749152095368,259.9798663118938
2024-06-05 12:00:00,1007.477703686317,294.1613526308593,259.95142648658185
2024-06-05 13:00:00,1008.1149115430878,297.1559395805812,260.0441744598422
2024-06-05 14:00:00,1008.7521193998588,300.1505265303031,260.13692243310265
2024-06-05 15:00:00,1009.3893272566296,303.14511348002503,260.229670406363
2024-06-05 16:00:00,1008.1891726342337,303.8736425907514,260.394378117846
2024-06-05 17:00:00,1006.9890180118379,304.6021717014778,260.559085829329
2024-06-05 18:00:00,1005.788863389442,305.33070081220416,260.7237935408119
2024-06-05 19:00:00,1005.0109583117113,302.40069608764406,260.810108083211
2024-06-05 20:00:00,1004.2330532339806,299.47069136308403,260.89642262561006
2024-06-05 21:00:00,1003.45514815625,296.54068663852394,260.9827371680091
2024-06-05 22:00:00,1004.3165086376265,295.4718257212555,260.9890231560415
2024-06-05 23:00:00,1005.177869119003,294.4029648039871,260.99530914407393
2024-06-06 00:00:00,1006.0392296003796,293.3341038867187,261.00159513210633
2024-06-06 01:00:00,1005.3624302722545,292.98862517217583,260.9544315982037
2024-06-06 02:00:00,1004.6856309441295,292.643146457633,260.9072680643011
2024-06-06 03:00:00,1004.0088316160044,292.29766774309013,260.8601045303985
2024-06-06 04:00:00,1004.270047900253,291.799509792367,260.83384252813033
2024-06-06 05:00:00,1004.5312641845014,291.30135184164385,260.80758052586225
2024-06-06 06:00:00,1004.79248046875,290.80319389092074,260.7813185235941
2024-06-06 07:00:00,1004.4579813068973,290.511312577819,260.7599406491895
2024-06-06 08:00:00,1004.1234821450447,290.21943126471723,260.73856277478495
2024-06-06 09:00:00,1003.788982983192,289.9275499516155,260.71718490038035
2024-06-06 10:00:00,1005.5162380404837,291.10509995472285,260.66513142889545
2024-06-06 11:00:00,1007.2434930977753,292.28264995783013,260.61307795741055
2024-06-06 12:00:00,1008.970748155067,293.4601999609375,260.56102448592566
2024-06-06 13:00:00,1008.8000124779836,296.61023515735485,260.6070520837209
2024-06-06 14:00:00,1008.6292768009004,299.7602703537723,260.6530796815161
2024-06-06 15:00:00,1008.458541123817,302.91030555018966,260.6991072793113
2024-06-06 16:00:00,1006.607913670692,303.6675496368275,260.81010888423947
2024-06-06 17:00:00,1004.757286217567,304.42479372346537,260.9211104891677
2024-06-06 18:00:00,1002.906658764442,305.1820378101032,261.03211209409585
2024-06-06 19:00:00,1002.7488218503795,302.2039984359021,261.1169674941313
2024-06-06 20:00:00,1002.5909849363169,299.2259590617011,261.2018228941668
2024-06-06 21:00:00,1002.4331480222544,296.2479196875,261.28667829420226
2024-06-06 22:00:00,1003.1344104367113,295.52662968033854,261.3146139759623
2024-06-06 23:00:00,1003.8356728511683,294.80533967317706,261.3425496577223
2024-06-07 00:00:00,1004.5369352656252,294.08404966601563,261.37048533948234
2024-06-07 01:00:00,1004.5473020829392,293.4099954739583,261.3786558719519
2024-06-07 02:00:00,1004.557668900253,292.73594128190103,261.38682640442147
2024-06-07 03:00:00,1004.568035717567,292.0618870898437,261.394996936891
2024-06-07 04:00:00,1004.407879467567,291.5224758243173,261.3298141819041
2024-06-07 05:00:00,1004.247723217567,290.9830645587909,261.26463142691716
2024-06-07 06:00:00,1004.087566967567,290.4436532932645,261.19944867193027
2024-06-07 07:00:00,1004.115154858192,290.25581655818917,261.1710599174718
2024-06-07 08:00:00,1004.142742748817,290.0679798231138,261.14267116301335
2024-06-07 09:00:00,1004.170330639442,289.88014308803844,261.11428240855486
2024-06-07 10:00:00,1006.118126061317,291.07673522535896,261.13722010786574
2024-06-07 11:00:00,1008.065921483192,292.2733273626794,261.16015780717663
2024-06-07 12:00:00,1010.013716905067,293.46991949999995,261.1830955064875
2024-06-07 13:00:00,1009.1662317492113,297.0055324536281,261.19921077069796
2024-06-07 14:00:00,1008.3187465933556,300.5411454072563,261.2153260349084
2024-06-07 15:00:00,1007.4712614375,304.07675836088447,261.23144129911884
2024-06-07 16:00:00,1006.5845426875,304.7500452769001,261.3385209342355
2024-06-07 17:00:00,1005.6978239375,305.42333219291567,261.44560056935217
2024-06-07 18:00:00,1004.8111051875,306.0966191089313,261.5526802044688
2024-06-07 19:00:00,1004.3515826818973,303.07794878946703,261.62828790323766
2024-06-07 20:00:00,1003.8920601762946,300.05927847000277,261.7038956020065
2024-06-07 21:00:00,1003.432537670692,297.0406081505385,261.7795033007754
2024-06-07 22:00:00,1003.8040790118379,296.15560880789343,261.8055886168093
2024-06-07 23:00:00,1004.1756203529837,295.27060946524836,261.83167393284316
2024-06-08 00:00:00,1004.5471616941296,294.3856101226033,261.8577592488771
2024-06-08 01:00:00,1004.6636167722545,293.72230222210896,261.8147702647058
2024-06-08 02:00:00,1004.7800718503795,293.0589943216146,261.7717812805346
2024-06-08 03:00:00,1004.8965269285044,292.3956864211203,261.72879229636334
2024-06-08 04:00:00,1005.369413134628,291.99349402884303,261.67721665203436
2024-06-08 05:00:00,1005.8422993407514,291.59130163656573,261.6256410077053
2024-06-08 06:00:00,1006.315185546875,291.1891092442885,261.57406536337635
2024-06-08 07:00:00,1006.0276112343751,290.9354126759784,261.5622437871792
2024-06-08 08:00:00,1005.7400369218751,290.6817161076683,261.55042221098216
2024-06-08 09:00:00,1005.4524626093752,290.4280195393582,261.53860063478504
2024-06-08 10:00:00,1005.7866097447918,292.1034279336923,261.60295930016457
2024-06-08 11:00:00,1006.1207568802085,293.7788363280264,261.66731796554404
2024-06-08 12:00:00,1006.4549040156252,295.45424472236044,261.7316766309236
2024-06-08 13:00:00,1005.7390338537724,298.91605830769623,261.82598996713847
2024-06-08 14:00:00,1005.0231636919198,302.37787189303197,261.92030330335336
2024-06-08 15:00:00,1004.307293530067,305.83968547836776,262.01461663956826
2024-06-08 16:00:00,1003.528592822128,306.3819591833966,262.22358992836814
2024-06-08 17:00:00,1002.749892114189,306.9242328884254,262.4325632171681
2024-06-08 18:00:00,1001.97119140625,307.46650659345426,262.64153650596796
2024-06-08 19:00:00,1000.6598449136682,305.445871251608,262.76408612314066
2024-06-08 20:00:00,999.3484984210862,303.42523590976185,262.8866357403133
2024-06-08 21:00:00,998.0371519285044,301.4046005679156,263.009185357486
2024-06-08 22:00:00,998.3597023842336,300.80397880784403,263.0339694939023
2024-06-08 23:00:00,998.6822528399628,300.2033570477725,263.0587536303187
2024-06-09 00:00:00,999.004803295692,299.6027352877009,263.083537766735
2024-06-09 01:00:00,999.112469311317,299.653876911902,263.0974336188954
2024-06-09 02:00:00,999.220135326942,299.70501853610307,263.1113294710558
2024-06-09 03:00:00,999.327801342567,299.75616016030415,263.1252253232162
2024-06-09 04:00:00,999.8684772622321,299.9786347593118,263.1503650432189
2024-06-09 05:00:00,1000.4091531818973,300.20110935831946,263.1755047632216
2024-06-09 06:00:00,1000.9498291015624,300.4235839573271,263.2006444832243
2024-06-09 07:00:00,999.7818745360639,299.5971616930041,263.0730307911729
2024-06-09 08:00:00,998.6139199705655,298.77073942868117,262.9454170991215
2024-06-09 09:00:00,997.445965405067,297.9443171643582,262.81780340707013
2024-06-09 10:00:00,999.2751898634003,297.60509869761063,262.70619753794955
2024-06-09 11:00:00,1001.1044143217337,297.2658802308631,262.59459166882897
2024-06-09 12:00:00,1002.933638780067,296.9266617641155,262.4829857997084
2024-06-09 13:00:00,1002.2419967231697,299.74686945778086,262.54006398617497
2024-06-09 14:00:00,1001.5503546662725,302.56707715144626,262.5971421726416
2024-06-09 15:00:00,1000.8587126093752,305.3872848451116,262.6542203591082
2024-06-09 16:00:00,999.5817757604168,306.0403707502074,262.795579380629
2024-06-09 17:00:00,998.3048389114583,306.6934566553032,262.9369384021499
2024-06-09 18:00:00,997.0279020625,307.346542560399,263.07829742367073
2024-06-09 19:00:00,997.0904020625,305.94969899609373,263.0923267653039
2024-06-09 20:00:00,997.1529020625,304.55285543178843,263.10635610693697
2024-06-09 21:00:00,997.2154020625,303.1560118674832,263.1203854485701
2024-06-09 22:00:00,997.4804482417932,301.8441753597795,262.9439211884268
2024-06-09 23:00:00,997.7454944210864,300.5323388520758,262.7674569282836
2024-06-10 00:00:00,998.0105406003796,299.2205023443721,262.5909926681403
2024-06-10 01:00:00,999.4553249545463,297.79461652525293,262.48535456389334
2024-06-10 02:00:00,1000.9001093087129,296.3687307061337,262.37971645964643
2024-06-10 03:00:00,1002.3448936628796,294.94284488701453,262.27407835539947
2024-06-10 04:00:00,1001.5525435981697,294.42243900695405,262.1979473509611
2024-06-10 05:00:00,1000.7601935334599,293.9020331268936,262.1218163465227
2024-06-10 06:00:00,999.96784346875,293.38162724683315,262.0456853420843
2024-06-10 07:00:00,999.1723834631473,293.66818505147137,261.97540523104124
2024-06-10 08:00:00,998.3769234575446,293.9547428561096,261.9051251199982
2024-06-10 09:00:00,997.581463451942,294.2413006607478,261.83484500895514
2024-06-10 10:00:00,999.2284626137947,294.6492126696652,261.7451487542206
2024-06-10 11:00:00,1000.8754617756473,295.05712467858257,261.65545249948616
2024-06-10 12:00:00,1002.5224609375,295.46503668749995,261.56575624475164
2024-06-10 13:00:00,1002.6413167317708,298.45683554807846,261.48923058391847
2024-06-10 14:00:00,1002.7601725260416,301.4486344086569,261.41270492308536
2024-06-10 15:00:00,1002.8790283203124,304.4404332692354,261.3361792622522
2024-06-10 16:00:00,1001.4473204996056,305.01018919827186,261.48462397033734
2024-06-10 17:00:00,1000.0156126788988,305.57994512730835,261.63306867842243
2024-06-10 18:00:00,998.583904858192,306.1497010563448,261.7815133865076
2024-06-10 19:00:00,999.0326618325447,303.27377988191495,261.7545402954098
2024-06-10 20:00:00,999.4814188068973,300.39785870748506,261.727567204312
2024-06-10 21:00:00,999.93017578125,297.5219375330552,261.7005941132142
2024-06-10 22:00:00,999.9610330647099,296.96693077924755,261.63903354545323
2024-06-10 23:00:00,999.9918903481697,296.41192402543993,261.5774729776923
2024-06-11 00:00:00,1000.0227476316296,295.85691727163226,261.51591240993133
2024-06-11 01:00:00,1000.1726092852754,296.0499137305673,261.52606428350845
2024-06-11 02:00:00,1000.3224709389212,296.2429101895024,261.53621615708556
2024-06-11 03:00:00,1000.472332592567,296.4359066484375,261.5463680306627
2024-06-11 04:00:00,1000.7465432045461,295.64192856520276,261.4601115232383
2024-06-11 05:00:00,1001.0207538165253,294.847950481968,261.3738550158139
2024-06-11 06:00:00,1001.2949644285044,294.05397239873326,261.2875985083895
2024-06-11 07:00:00,1001.5307635821503,293.5428141977093,261.26945988895545
2024-06-11 08:00:00,1001.7665627357961,293.03165599668523,261.25132126952144
2024-06-11 09:00:00,1002.002361889442,292.52049779566124,261.2331826500874
2024-06-11 10:00:00,1002.3588170388357,293.8329591523335,261.11012514507166
2024-06-11 11:00:00,1002.7152721882295,295.14542050900576,260.9870676400559
2024-06-11 12:00:00,1003.0717273376232,296.457881865678,260.8640101350402
2024-06-11 13:00:00,1003.2471732298961,299.41114263631414,260.9252987697349
2024-06-11 14:00:00,1003.4226191221691,302.3644034069503,260.98658740442966
2024-06-11 15:00:00,1003.598065014442,305.31766417758644,261.0478760391244
2024-06-11 16:00:00,1002.4654152748586,305.91138845422984,261.1853507542228
2024-06-11 17:00:00,1001.3327655352754,306.5051127308733,261.3228254693212
2024-06-11 18:00:00,1000.200115795692,307.0988370075167,261.46030018441957
2024-06-11 19:00:00,1000.269207592567,304.6576586567531,261.5397851828741
2024-06-11 20:00:00,1000.338299389442,302.21648030598953,261.61927018132855
2024-06-11 21:00:00,1000.407391186317,299.7753019552259,261.69875517978306
2024-06-11 22:00:00,1000.5979022540254,298.79685736738463,261.73673232676595
2024-06-11 23:00:00,1000.7884133217336,297.8184127795433,261.7747094737489
2024-06-12 00:00:00,1000.978924389442,296.839968191702,261.81268662073177
2024-06-12 01:00:00,1000.9545917071504,296.9471338764992,261.73970033627694
2024-06-12 02:00:00,1000.9302590248586,297.0542995612965,261.66671405182217
2024-06-12 03:00:00,1000.905926342567,297.1614652460937,261.59372776736734
2024-06-12 04:00:00,1000.7995624102754,296.785657711835,261.52443348581073
2024-06-12 05:00:00,1000.6931984779836,296.40985017757623,261.4551392042541
2024-06-12 06:00:00,1000.586834545692,296.0340426433175,261.3858449226975
2024-06-12 07:00:00,1000.575604076942,295.24408392752696,261.30122344610834
2024-06-12 08:00:00,1000.564373608192,294.45412521173637,261.21660196951916
2024-06-12 09:00:00,1000.553143139442,293.66416649594584,261.13198049293
2024-06-12 10:00:00,1001.9689411294197,294.47064084094865,261.108807011078
2024-06-12 11:00:00,1003.3847391193973,295.2771151859514,261.085633529226
2024-06-12 12:00:00,1004.800537109375,296.0835895309542,261.06246004737403
2024-06-12 13:00:00,1004.6015625,299.5187124547331,261.2078212427407
2024-06-12 14:00:00,1004.402587890625,302.9538353785119,261.3531824381074
2024-06-12 15:00:00,1004.20361328125,306.38895830229075,261.49854363347407
2024-06-12 16:00:00,1002.3381489501265,307.0822454462202,261.7743874153173
2024-06-12 17:00:00,1000.4726846190031,307.77553259014974,262.0502311971605
2024-06-12 18:00:00,998.6072202878796,308.4688197340792,262.3260749790037
2024-06-12 19:00:00,998.1774920977754,306.1843163212695,262.43061799497264
2024-06-12 20:00:00,997.7477639076712,303.89981290845975,262.5351610109416
2024-06-12 21:00:00,997.318035717567,301.61530949565,262.6397040269105
2024-06-12 22:00:00,998.5219603351488,299.8852358160016,262.60538250179883
2024-06-12 23:00:00,999.7258849527306,298.1551621363532,262.5710609766871
2024-06-13 00:00:00,1000.9298095703124,296.4250884567048,262.5367394515754
2024-06-13 01:00:00,1000.1317280516889,296.8676330440532,262.5441968166826
2024-06-13 02:00:00,999.3336465330655,297.31017763140164,262.55165418178984
2024-06-13 03:00:00,998.535565014442,297.75272221875,262.55911154689704
2024-06-13 04:00:00,997.9246844805879,298.3476113133975,262.49239556174734
2024-06-13 05:00:00,997.3138039467337,298.942500408045,262.4256795765976
2024-06-13 06:00:00,996.7029234128796,299.5373895026925,262.3589635914479
2024-06-13 07:00:00,996.2456887123587,297.81689570982235,262.35821539757166
2024-06-13 08:00:00,995.7884540118379,296.09640191695223,262.35746720369536
2024-06-13 09:00:00,995.331219311317,294.37590812408206,262.35671900981913
2024-06-13 10:00:00,996.240887280067,295.12001653319294,262.2800082294564
2024-06-13 11:00:00,997.150555248817,295.86412494230376,262.20329744909367
2024-06-13 12:00:00,998.060223217567,296.60823335141464,262.12658666873097
2024-06-13 13:00:00,997.7102883217336,300.05915506100075,262.266570558171
2024-06-13 14:00:00,997.3603534259004,303.5100767705869,262.406554447611
2024-06-13 15:00:00,997.010418530067,306.96099848017303,262.546538337051
2024-06-13 16:00:00,995.1452655352754,307.51392613316784,262.8337211714421
2024-06-13 17:00:00,993.2801125404836,308.0668537861626,263.12090400583315
2024-06-13 18:00:00,991.414959545692,308.6197814391574,263.40808684022426
2024-06-13 19:00:00,992.4801309080655,307.0393105453265,263.4134513151412
2024-06-13 20:00:00,993.5453022704389,305.4588396514955,263.41881579005815
2024-06-13 21:00:00,994.6104736328124,303.8783687576646,263.42418026497506
2024-06-13 22:00:00,994.0928690022097,303.6002585220861,263.3653317752635
2024-06-13 23:00:00,993.5752643716071,303.32214828650757,263.30648328555196
2024-06-14 00:00:00,993.0576597410044,303.0440380509291,263.2476347958404
2024-06-14 01:00:00,994.3323851398362,302.7651702982756,263.2133688579354
2024-06-14 02:00:00,995.6071105386682,302.4863025456222,263.17910292003046
2024-06-14 03:00:00,996.8818359375,302.20743479296874,263.14483698212547
2024-06-14 04:00:00,995.285292504814,301.85452328836215,263.0956606926042
2024-06-14 05:00:00,993.688749072128,301.5016117837556,263.046484403083
2024-06-14 06:00:00,992.092205639442,301.148700279149,262.99730811356176
2024-06-14 07:00:00,992.176434155067,300.9311404646959,262.9353125529218
2024-06-14 08:00:00,992.260662670692,300.71358065024276,262.87331699228184
2024-06-14 09:00:00,992.344891186317,300.49602083578964,262.8113214316419
2024-06-14 10:00:00,994.0861286294197,300.7618387002251,262.81163321783436
2024-06-14 11:00:00,995.8273660725223,301.02765656466056,262.8119450040268
2024-06-14 12:00:00,997.568603515625,301.293474429096,262.8122567902193
2024-06-14 13:00:00,997.020109245186,303.40193909120535,262.78142919822506
2024-06-14 14:00:00,996.471614974747,305.51040375331473,262.7506016062308
2024-06-14 15:00:00,995.923120704308,307.61886841542406,262.7197740142366
2024-06-14 16:00:00,995.2567945684971,308.01986668119696,262.79853150684573
2024-06-14 17:00:00,994.5904684326861,308.4208649469699,262.8772889994549
2024-06-14 18:00:00,993.9241422968752,308.8218632127428,262.95604649206405
2024-06-14 19:00:00,993.5148720699183,307.52164685572546,262.9814226545812
2024-06-14 20:00:00,993.1056018429613,306.2214304987082,263.00679881709834
2024-06-14 21:00:00,992.6963316160044,304.9212141416908,263.0321749796155
2024-06-14 22:00:00,993.9882922726488,304.21272861569844,262.992881669681
2024-06-14 23:00:00,995.2802529292932,303.5042430897061,262.9535883597466
2024-06-15 00:00:00,996.5722135859376,302.7957575637137,262.91429504981215
2024-06-15 01:00:00,997.4491840572917,302.7141909509305,262.8165587971638
2024-06-15 02:00:00,998.3261545286458,302.6326243381473,262.7188225445155
2024-06-15 03:00:00,999.203125,302.5510577253641,262.62108629186713
2024-06-15 04:00:00,999.2919108072916,301.68775320903364,262.4667336639754
2024-06-15 05:00:00,999.3806966145834,300.82444869270324,262.31238103608365
2024-06-15 06:00:00,999.469482421875,299.9611441763728,262.1580284081919
2024-06-15 07:00:00,999.6448160807292,300.12607321733907,262.10241889933724
2024-06-15 08:00:00,999.8201497395834,300.2910022583054,262.0468093904826
2024-06-15 09:00:00,999.9954833984376,300.4559312992717,261.99119988162795
2024-06-15 10:00:00,1000.0968973225224,300.6620993472516,261.8814782232981
2024-06-15 11:00:00,1000.1983112466072,300.86826739523156,261.7717565649682
2024-06-15 12:00:00,1000.299725170692,301.0744354432115,261.6620349066383
2024-06-15 13:00:00,1000.4422219154836,301.1567160498344,261.59189852446093
2024-06-15 14:00:00,1000.5847186602754,301.2389966564574,261.5217621422835
2024-06-15 15:00:00,1000.727215405067,301.32127726308033,261.4516257601061
2024-06-15 16:00:00,1001.3479437696503,301.63179916933035,261.38146143826214
2024-06-15 17:00:00,1001.9686721342337,301.9423210755803,261.3112971164182
2024-06-15 18:00:00,1002.589400498817,302.2528429818303,261.24113279457424
2024-06-15 19:00:00,1002.0519739367113,301.50598086178195,261.2200610417944
2024-06-15 20:00:00,1001.5145473746056,300.75911874173363,261.1989892890146
2024-06-15 21:00:00,1000.9771208125,300.01225662168525,261.17791753623476
2024-06-15 22:00:00,1002.1246751415327,298.6034938637742,261.08652710367613
2024-06-15 23:00:00,1003.2722294705654,297.19473110586307,260.9951366711175
2024-06-16 00:00:00,1004.4197837995982,295.785968347952,260.9037462385589
2024-06-16 01:00:00,1003.6711552518154,296.031894774641,260.8571963980124
2024-06-16 02:00:00,1002.9225267040327,296.2778212013299,260.8106465574659
2024-06-16 03:00:00,1002.17389815625,296.5237476280189,260.76409671691937
2024-06-16 04:00:00,1001.90727325,295.4994996582626,260.67454485589917
2024-06-16 05:00:00,1001.64064834375,294.47525168850626,260.5849929948789
2024-06-16 06:00:00,1001.3740234375,293.45100371875,260.4954411338587
2024-06-16 07:00:00,1001.6736857096354,293.53212608613467,260.4420338013188
2024-06-16 08:00:00,1001.9733479817709,293.6132484535193,260.38862646877897
2024-06-16 09:00:00,1002.2730102539062,293.694370820904,260.33521913623906
2024-06-16 10:00:00,1002.5495808919271,293.96774870516646,260.33553314058105
2024-06-16 11:00:00,1002.8261515299479,294.241126589429,260.3358471449231
2024-06-16 12:00:00,1003.1027221679688,294.51450447369143,260.3361611492651
2024-06-16 13:00:00,1003.1802571614584,294.35947118207406,260.3841494626251
2024-06-16 14:00:00,1003.257792154948,294.20443789045663,260.43213777598515
2024-06-16 15:00:00,1003.3353271484376,294.04940459883926,260.48012608934516
2024-06-16 16:00:00,1003.1055274488245,295.6327658271577,260.41979412225703
2024-06-16 17:00:00,1002.8757277492115,297.2161270554761,260.3594621551689
2024-06-16 18:00:00,1002.6459280495984,298.7994882837945,260.29913018808077
2024-06-16 19:00:00,1002.4931420434823,296.7834122904529,260.26220921615703
2024-06-16 20:00:00,1002.3403560373661,294.76733629711117,260.2252882442333
2024-06-16 21:00:00,1002.18757003125,292.7512603037695,260.18836727230956
2024-06-16 22:00:00,1002.9061082470014,292.4694959214602,260.08282899936705
2024-06-16 23:00:00,1003.6246464627529,292.18773153915083,259.9772907264245
2024-06-17 00:00:00,1004.3431846785044,291.9059671568415,259.871752453482
2024-06-17 01:00:00,1003.6503392648362,291.8747711438207,259.8415732217224
2024-06-17 02:00:00,1002.9574938511681,291.8435751307999,259.81139398996277
2024-06-17 03:00:00,1002.2646484375,291.8123791177791,259.7812147582032
2024-06-17 04:00:00,1001.9757893880208,291.8136351327037,259.69333612421775
2024-06-17 05:00:00,1001.6869303385416,291.8148911476284,259.60545749023237
2024-06-17 06:00:00,1001.3980712890624,291.816147162553,259.5175788562469
2024-06-17 07:00:00,1001.1643880208333,291.9999209112016,259.48977419508833
2024-06-17 08:00:00,1000.9307047526041,292.1836946598503,259.46196953392973
2024-06-17 09:00:00,1000.697021484375,292.3674684084989,259.43416487277113
2024-06-17 10:00:00,1001.8676907912724,292.3711597690281,259.3643450056972
2024-06-17 11:00:00,1003.0383600981696,292.37485112955727,259.29452513862327
2024-06-17 12:00:00,1004.209029405067,292.3785424900865,259.22470527154934
2024-06-17 13:00:00,1003.7929323998586,293.7662365536914,259.31938707279215
2024-06-17 14:00:00,1003.3768353946504,295.1539306172963,259.4140688740349
2024-06-17 15:00:00,1002.960738389442,296.5416246809012,259.5087506752777
2024-06-17 16:00:00,1001.4643191186086,296.1109273109021,259.56658517639363
2024-06-17 17:00:00,999.9678998477754,295.6802299409031,259.6244196775095
2024-06-17 18:00:00,998.471480576942,295.249532570904,259.6822541786254
2024-06-17 19:00:00,998.0875951242114,294.91029614557664,259.75203326677877
2024-06-17 20:00:00,997.7037096714806,294.57105972024925,259.8218123549322
2024-06-17 21:00:00,997.31982421875,294.23182329492187,259.8915914430856
2024-06-17 22:00:00,997.8703846718751,294.15824044851837,259.9412947604066
2024-06-17 23:00:00,998.4209451250001,294.08465760211493,259.99099807772757
2024-06-18 00:00:00,998.9715055781252,294.01107475571143,260.0407013950486
2024-06-18 01:00:00,998.8124072708334,293.7465309563853,259.9861659361877
2024-06-18 02:00:00,998.6533089635417,293.48198715705917,259.93163047732685
2024-06-18 03:00:00,998.49421065625,293.21744335773303,259.877095018466
2024-06-18 04:00:00,998.4264616328124,292.7912203400512,259.82322714770834
2024-06-18 05:00:00,998.3587126093751,292.36499732236933,259.76935927695075
2024-06-18 06:00:00,998.2909635859376,291.9387743046875,259.7154914061931
2024-06-18 07:00:00,998.4136442500001,292.1336090728674,259.6383198686942
2024-06-18 08:00:00,998.5363249140627,292.32844384104726,259.56114833119534
2024-06-18 09:00:00,998.6590055781252,292.52327860922713,259.48397679369646
2024-06-18 10:00:00,998.7092985468752,293.3025514041983,259.5268476040396
2024-06-18 11:00:00,998.7595915156252,294.08182419916943,259.56971841438263
2024-06-18 12:00:00,998.8098844843752,294.8610969941406,259.61258922472575
2024-06-18 13:00:00,997.9531451818974,297.08856680758737,259.71591152990686
2024-06-18 14:00:00,997.0964058794198,299.3160366210342,259.819233835088
2024-06-18 15:00:00,996.239666576942,301.54350643448095,259.92255614026914
2024-06-18 16:00:00,995.1479510821504,300.2774346985965,260.10519856317774
2024-06-18 17:00:00,994.0562355873586,299.011362962712,260.2878409860863
2024-06-18 18:00:00,992.964520092567,297.74529122682753,260.4704834089949
2024-06-18 19:00:00,993.5223265460863,297.3945674418787,260.5901543380021
2024-06-18 20:00:00,994.0801329996057,297.0438436569298,260.70982526700925
2024-06-18 21:00:00,994.637939453125,296.69311987198097,260.82949619601646
2024-06-18 22:00:00,994.9752197265625,296.8589866832333,260.822635759454
2024-06-18 23:00:00,995.3125000000001,297.02485349448557,260.8157753228915
2024-06-19 00:00:00,995.6497802734376,297.1907203057379,260.80891488632903
2024-06-19 01:00:00,995.8208007812501,297.5011912082891,260.81552617840214
2024-06-19 02:00:00,995.9918212890625,297.8116621108402,260.82213747047524
2024-06-19 03:00:00,996.162841796875,298.12213301339136,260.82874876254834
2024-06-19 04:00:00,996.3970947265625,297.86589414108903,260.830218585013
2024-06-19 05:00:00,996.6313476562501,297.60965526878664,260.83168840747766
2024-06-19 06:00:00,996.8656005859376,297.3534163964843,260.8331582299423
2024-06-19 07:00:00,997.0634765625001,296.50586387444747,260.6986860339865
2024-06-19 08:00:00,997.2613525390625,295.6583113524107,260.56421383803075
2024-06-19 09:00:00,997.459228515625,294.81075883037386,260.429741642075
2024-06-19 10:00:00,998.2027821328126,295.5764459247749,260.4035947368593
2024-06-19 11:00:00,998.94633575,296.3421330191759,260.37744783164356
2024-06-19 12:00:00,999.6898893671876,297.1078201135769,260.3513009264279
2024-06-19 13:00:00,1000.562724457939,297.4262486842447,260.3558768807259
2024-06-19 14:00:00,1001.4355595486905,297.7446772549125,260.3604528350239
2024-06-19 15:00:00,1002.308394639442,298.0631058255803,260.3650287893219
2024-06-19 16:00:00,1000.5384963529837,298.8381639557291,260.3545511582536
2024-06-19 17:00:00,998.7685980665253,299.6132220858779,260.3440735271854
2024-06-19 18:00:00,996.998699780067,300.3882802160267,260.3335958961171
2024-06-19 19:00:00,997.8969022986905,298.98608813700423,260.3335240961749
2024-06-19 20:00:00,998.795104817314,297.58389605798175,260.33345229623274
2024-06-19 21:00:00,999.6933073359376,296.18170397895926,260.33338049629054
2024-06-19 22:00:00,999.7503457027307,295.6479232840411,260.3500847060135
2024-06-19 23:00:00,999.8073840695239,295.114142589123,260.3667889157364
2024-06-20 00:00:00,999.864422436317,294.5803618942048,260.3834931254593
2024-06-20 01:00:00,1001.0245795118378,294.0537402129195,260.2627572755879
2024-06-20 02:00:00,1002.1847365873588,293.5271185316341,260.1420214257164
2024-06-20 03:00:00,1003.3448936628796,293.0004968503487,260.02128557584496
2024-06-20 04:00:00,1002.3409052071504,292.9382285461644,259.9474476557666
2024-06-20 05:00:00,1001.3369167514212,292.87596024198007,259.8736097356883
2024-06-20 06:00:00,1000.332928295692,292.81369193779574,259.79977181561
2024-06-20 07:00:00,1000.826956009628,292.5729069982933,259.8387683438892
2024-06-20 08:00:00,1001.3209837235639,292.33212205879096,259.8777648721685
2024-06-20 09:00:00,1001.8150114375,292.09133711928854,259.91676140044774
2024-06-20 10:00:00,1002.182663875,292.63988391561105,259.91004970830545
2024-06-20 11:00:00,1002.5503163125,293.18843071193356,259.9033380161631
2024-06-20 12:00:00,1002.91796875,293.7369775082561,259.8966263240208
2024-06-20 13:00:00,1002.2780496662723,296.03959579285987,260.01761123923393
2024-06-20 14:00:00,1001.6381305825447,298.34221407746367,260.13859615444704
2024-06-20 15:00:00,1000.998211498817,300.64483236206746,260.25958106966016
2024-06-20 16:00:00,1000.4716500200446,301.17997776461857,260.25393040692745
2024-06-20 17:00:00,999.9450885412723,301.71512316716974,260.24827974419475
2024-06-20 18:00:00,999.4185270625,302.25026856972084,260.24262908146204
2024-06-20 19:00:00,999.2835172968751,301.31377549680417,260.33962996836004
2024-06-20 20:00:00,999.1485075312501,300.37728242388755,260.436630855258
2024-06-20 21:00:00,999.0134977656252,299.4407893509709,260.533631742156
2024-06-20 22:00:00,999.0901080725224,299.04071477494693,260.61999888427516
2024-06-20 23:00:00,999.1667183794198,298.64064019892294,260.7063660263944
2024-06-21 00:00:00,999.243328686317,298.240565622899,260.79273316851356
2024-06-21 01:00:00,998.8636086342336,297.9774413511579,260.862105724224
2024-06-21 02:00:00,998.4838885821504,297.71431707941684,260.93147827993454
2024-06-21 03:00:00,998.104168530067,297.45119280767574,261.000850835645
2024-06-21 04:00:00,997.836102123817,297.41727841464376,260.96120484704727
2024-06-21 05:00:00,997.568035717567,297.3833640216117,260.9215588584495
2024-06-21 06:00:00,997.299969311317,297.34944962857975,260.88191286985176
2024-06-21 07:00:00,997.0848000404836,296.5828188414704,260.8630881277543
2024-06-21 08:00:00,996.8696307696504,295.816188054361,260.8442633856568
2024-06-21 09:00:00,996.654461498817,295.04955726725166,260.8254386435593
2024-06-21 10:00:00,998.0524372231697,294.91139545280873,260.6226941922245
2024-06-21 11:00:00,999.4504129475223,294.77323363836587,260.4199497408897
2024-06-21 12:00:00,1000.848388671875,294.63507182392294,260.2172052895549
2024-06-21 13:00:00,1000.9297025100224,297.88973084085,260.42203821229583
2024-06-21 14:00:00,1001.0110163481696,301.1443898577771,260.6268711350367
2024-06-21 15:00:00,1001.092330186317,304.3990488747042,260.83170405777764
2024-06-21 16:00:00,999.430531322128,305.5574338929334,261.1636899097356
2024-06-21 17:00:00,997.768732457939,306.7158189111625,261.49567576169346
2024-06-21 18:00:00,996.10693359375,307.8742039293917,261.8276616136514
2024-06-21 19:00:00,996.2482856805952,305.69104026272504,261.80367691340837
2024-06-21 20:00:00,996.3896377674404,303.50787659605834,261.7796922131653
2024-06-21 21:00:00,996.5309898542856,301.3247129293917,261.75570751292224
2024-06-21 22:00:00,996.137495376421,300.1625051423316,261.717032555771
2024-06-21 23:00:00,995.7440008985566,299.0002973552715,261.67835759861975
2024-06-22 00:00:00,995.350506420692,297.83808956821144,261.63968264146854
2024-06-22 01:00:00,995.3965676186086,298.3552134857756,261.5240765318665
2024-06-22 02:00:00,995.4426288165254,298.87233740333977,261.40847042226454
2024-06-22 03:00:00,995.488690014442,299.38946132090393,261.2928643126625
2024-06-22 04:00:00,995.6352649288989,298.82312688099694,261.2396056152162
2024-06-22 05:00:00,995.7818398433557,298.25679244109,261.1863469177698
2024-06-22 06:00:00,995.9284147578126,297.690458001183,261.1330882203235
2024-06-22 07:00:00,995.5973410741703,296.9329064856073,261.1262145284206
2024-06-22 08:00:00,995.266267390528,296.17535497003155,261.1193408365176
2024-06-22 09:00:00,994.9351937068858,295.41780345445585,261.1124671446147
2024-06-22 10:00:00,995.5530420854462,295.6932777393656,261.0423002390469
2024-06-22 11:00:00,996.1708904640066,295.96875202427543,260.972133333479
2024-06-22 12:00:00,996.788738842567,296.2442263091852,260.9019664279112
2024-06-22 13:00:00,996.707815384628,299.3489884039415,260.96861409893495
2024-06-22 14:00:00,996.6268919266889,302.4537504986979,261.03526176995865
2024-06-22 15:00:00,996.54596846875,305.5585125934542,261.1019094409824
2024-06-22 16:00:00,996.4430043345869,306.0849520303525,261.2318136738258
2024-06-22 17:00:00,996.3400402004238,306.6113914672507,261.3617179066691
2024-06-22 18:00:00,996.2370760662608,307.137830904149,261.4916221395125
2024-06-22 19:00:00,995.4000272508594,305.4047125031566,261.4622523101339
2024-06-22 20:00:00,994.5629784354578,303.67159410216425,261.4328824807554
2024-06-22 21:00:00,993.7259296200564,301.93847570117185,261.4035126513768
2024-06-22 22:00:00,994.0733634233933,300.3493997031743,261.3656780795044
2024-06-22 23:00:00,994.4207972267301,298.7603237051767,261.327843507632
2024-06-23 00:00:00,994.768231030067,297.17124770717913,261.2900089357596
2024-06-23 01:00:00,994.547527905067,297.29708120783016,261.2844289226762
2024-06-23 02:00:00,994.326824780067,297.42291470848113,261.27884890959285
2024-06-23 03:00:00,994.106121655067,297.54874820913216,261.2732688965095
2024-06-23 04:00:00,994.0822365639212,297.5802809755561,261.2596980656972
2024-06-23 05:00:00,994.0583514727754,297.6118137419801,261.24612723488485
2024-06-23 06:00:00,994.0344663816296,297.643346508404,261.23255640407257
2024-06-23 07:00:00,994.0207538165254,296.92783846393604,261.15884160738676
2024-06-23 08:00:00,994.0070412514212,296.212330419468,261.085126810701
2024-06-23 09:00:00,993.993328686317,295.496822375,261.0114120140152
2024-06-23 10:00:00,995.7189509663134,296.1299594980962,260.9374037927963
2024-06-23 11:00:00,997.4445732463098,296.76309662119235,260.8633955715775
2024-06-23 12:00:00,999.1701955263062,297.3962337442885,260.7893873503586
2024-06-23 13:00:00,999.1210727336834,300.08056594015346,260.8250279844133
2024-06-23 14:00:00,999.0719499410604,302.76489813601836,260.860668618468
2024-06-23 15:00:00,999.0228271484376,305.4492303318833,260.8963092525227
2024-06-23 16:00:00,997.5931945230432,305.84634934485484,261.0007801624408
2024-06-23 17:00:00,996.1635618976488,306.2434683578264,261.10525107235884
2024-06-23 18:00:00,994.7339292722544,306.6405873707979,261.2097219822769
2024-06-23 19:00:00,994.7439797279836,304.3020689422051,261.2104292731704
2024-06-23 20:00:00,994.7540301837128,301.9635505136123,261.21113656406385
2024-06-23 21:00:00,994.764080639442,299.6250320850195,261.21184385495735
2024-06-23 22:00:00,996.4725368686087,299.0681913484449,261.0023667578495
2024-06-23 23:00:00,998.1809930977753,298.5113506118703,260.79288966074165
2024-06-24 00:00:00,999.889449326942,297.9545098752957,260.5834125636338
2024-06-24 01:00:00,1000.0653202908779,296.846875005006,260.3021324790659
2024-06-24 02:00:00,1000.241191254814,295.7392401347163,260.020852394498
2024-06-24 03:00:00,1000.41706221875,294.6316052644266,259.7395723099301
2024-06-24 04:00:00,1000.41706221875,293.8066657464983,259.66011607739387
2024-06-24 05:00:00,1000.41706221875,292.98172622857,259.5806598448576
2024-06-24 06:00:00,1000.41706221875,292.1567867106417,259.5012036123214
2024-06-24 07:00:00,1001.2239386506473,291.56124013321704,259.45514717288734
2024-06-24 08:00:00,1002.0308150825447,290.96569355579237,259.40909073345335
2024-06-24 09:00:00,1002.837691514442,290.3701469783677,259.3630342940193
2024-06-24 10:00:00,1003.1287154731697,290.0192238664871,259.25728009677016
2024-06-24 11:00:00,1003.4197394318975,289.66830075460655,259.15152589952095
2024-06-24 12:00:00,1003.7107633906252,289.31737764272594,259.0457717022718
2024-06-24 13:00:00,1004.5506801871057,289.07568465514504,258.9283279711896
2024-06-24 14:00:00,1005.3905969835864,288.83399166756413,258.81088424010744
2024-06-24 15:00:00,1006.230513780067,288.59229867998323,258.69344050902527
2024-06-24 16:00:00,1006.1812380639212,288.54888462864955,258.6661224541383
2024-06-24 17:00:00,1006.1319623477754,288.5054705773158,258.6388043992514
2024-06-24 18:00:00,1006.0826866316296,288.4620565259821,258.61148634436444
2024-06-24 19:00:00,1005.9365684675671,287.89074774658667,258.610787457389
2024-06-24 20:00:00,1005.7904503035045,287.3194389671912,258.61008857041355
2024-06-24 21:00:00,1005.644332139442,286.74813018779577,258.6093896834381
